"Participant_ID","App_Name","At_Home","Current_Activity","Sleepiness","Valence","Multitasking","Social_Situation","Timestamp","Reactance","Responsiveness","Age","Gender"
0,"Reddit",TRUE,-3,6,3,FALSE,"friends",2023-10-28 20:47:50,3.6,21,41,"Female"
1,NA,TRUE,1,3,3,FALSE,"alone",2023-10-20 17:31:22,5,19,37,"Male"
1,NA,TRUE,0,6,3,FALSE,"alone",2023-11-08 05:36:21,5,2,37,"Male"
2,NA,TRUE,0,5,3,FALSE,"alone",2023-11-01 19:33:22,4,117,37,"Male"
2,NA,TRUE,-3,6,3,FALSE,"alone",2023-10-23 02:00:57,4,20,37,"Male"
2,NA,FALSE,1,6,3,FALSE,"alone",2023-11-07 19:02:12,4,1,37,"Male"
2,NA,TRUE,-2,5,3,FALSE,"alone",2023-10-21 00:31:59,4,185,37,"Male"
2,NA,FALSE,1,4,3,FALSE,"alone",2023-10-31 13:09:40,4,1,37,"Male"
2,NA,TRUE,0,5,3,FALSE,"alone",2023-10-19 09:59:01,4,64,37,"Male"
2,NA,TRUE,0,6,3,FALSE,"alone",2023-11-06 21:02:07,4,11,37,"Male"
2,NA,TRUE,-2,6,3,FALSE,"alone",2023-10-12 01:36:07,4,20,37,"Male"
3,NA,TRUE,-3,3,4,FALSE,"alone",2023-11-05 14:19:56,2.4,33,52,"Female"
3,NA,TRUE,0,5,3,FALSE,"alone",2023-11-03 16:04:36,2.4,61,52,"Female"
3,NA,TRUE,-3,5,4,FALSE,"friends",2023-10-10 05:38:19,2.4,22,52,"Female"
3,NA,TRUE,-3,4,5,FALSE,"friends",2023-10-11 05:50:55,2.4,23,52,"Female"
3,"Facebook",TRUE,1,5,4,TRUE,"friends",2023-11-08 08:53:24,4,1145,52,"Female"
3,"Facebook",TRUE,0,3,4,TRUE,"friends",2023-11-07 09:28:57,2,139,52,"Female"
3,"Facebook",TRUE,-1,3,3,TRUE,"alone",2023-10-14 17:24:09,2.4,14,52,"Female"
4,NA,FALSE,3,6,3,TRUE,"friends",2023-10-12 13:51:46,3,12,45,"Female"
4,NA,TRUE,-3,1,4,FALSE,"friends",2023-10-08 08:24:30,5,3,45,"Female"
4,NA,FALSE,3,1,4,TRUE,"friends",2023-10-18 14:01:56,2,1,45,"Female"
4,NA,FALSE,3,1,4,TRUE,"friends",2023-10-31 15:16:06,2.6,2,45,"Female"
4,NA,FALSE,1,1,4,TRUE,"friends",2023-10-13 15:05:07,2,137,45,"Female"
4,NA,TRUE,-3,8,5,FALSE,"alone",2023-10-15 00:25:30,3,5,45,"Female"
4,NA,FALSE,3,1,4,TRUE,"strangers",2023-10-05 16:40:02,4,616,45,"Female"
4,NA,TRUE,-3,7,4,FALSE,"friends",2023-10-20 18:46:49,2.8,3,45,"Female"
4,NA,TRUE,0,7,3,FALSE,"friends",2023-10-20 15:28:25,3.8,0,45,"Female"
4,NA,FALSE,1,1,4,TRUE,"friends",2023-10-05 13:05:02,3.4,7,45,"Female"
5,NA,TRUE,-2,5,3,TRUE,"alone",2023-10-12 17:57:52,2.4,5,47,"Female"
5,"Instagram",TRUE,-3,6,3,FALSE,"alone",2023-10-31 10:50:45,2.4,4,47,"Female"
5,NA,TRUE,-2,6,3,FALSE,"alone",2023-10-07 17:22:19,2.2,4,47,"Female"
5,"Instagram",TRUE,-2,6,3,FALSE,"friends",2023-10-13 15:50:41,3.2,8,47,"Female"
5,NA,TRUE,0,5,3,TRUE,"alone",2023-10-07 19:04:01,3,3,47,"Female"
5,"Facebook",TRUE,-3,5,3,FALSE,"alone",2023-10-06 17:42:11,4,8,47,"Female"
5,"TikTok",TRUE,-3,5,2,FALSE,"alone",2023-10-15 09:02:09,2.8,5,47,"Female"
5,"TikTok",TRUE,-2,5,4,FALSE,"alone",2023-10-14 09:00:51,3.2,10,47,"Female"
5,"Instagram",TRUE,0,6,2,FALSE,"alone",2023-10-04 07:45:34,2.6,19,47,"Female"
5,"Facebook",TRUE,-2,4,3,FALSE,"alone",2023-10-08 12:47:50,4,9,47,"Female"
5,"Facebook",TRUE,-2,6,3,FALSE,"alone",2023-10-09 19:01:23,2.4,4,47,"Female"
5,"TikTok",TRUE,-3,5,3,TRUE,"alone",2023-10-06 09:39:28,2.8,15,47,"Female"
5,"TikTok",TRUE,-3,6,3,FALSE,"alone",2023-10-10 08:48:55,3.2,7,47,"Female"
5,"Facebook",TRUE,-2,6,3,FALSE,"alone",2023-10-10 13:47:04,2.4,4,47,"Female"
5,"TikTok",TRUE,-2,5,3,FALSE,"alone",2023-10-11 10:03:03,4,5,47,"Female"
5,"Facebook",TRUE,0,5,3,TRUE,"alone",2023-10-07 18:33:16,3.6,9,47,"Female"
6,NA,TRUE,0,4,2,FALSE,"alone",2023-10-06 13:50:51,3.4,4,36,"Female"
6,"Facebook",TRUE,-2,6,4,FALSE,"alone",2023-10-13 23:18:02,4.2,330,36,"Female"
6,NA,TRUE,-3,7,4,FALSE,"friends",2023-10-15 22:30:51,3.4,3,36,"Female"
6,NA,TRUE,-1,6,3,FALSE,"alone",2023-10-09 22:42:51,4.2,116,36,"Female"
6,"Facebook",TRUE,1,3,4,FALSE,"friends",2023-10-09 18:56:28,4.6,268,36,"Female"
6,NA,TRUE,-1,3,4,FALSE,"friends",2023-10-06 14:37:04,4.8,1252,36,"Female"
6,NA,FALSE,0,4,3,FALSE,"alone",2023-10-12 20:45:37,3.4,1,36,"Female"
6,NA,TRUE,0,4,3,FALSE,"friends",2023-10-13 15:06:54,2.4,20,36,"Female"
6,NA,TRUE,-2,6,2,FALSE,"friends",2023-10-08 10:02:09,2.2,15,36,"Female"
6,NA,TRUE,-3,8,2,FALSE,"alone",2023-10-09 23:33:07,2,142,36,"Female"
6,"Facebook",TRUE,-3,9,4,FALSE,"alone",2023-10-18 01:27:00,4.4,110,36,"Female"
6,NA,TRUE,2,2,3,FALSE,"friends",2023-10-12 15:32:11,3,2,36,"Female"
6,NA,TRUE,-3,7,4,FALSE,"alone",2023-10-13 00:43:31,4.6,7,36,"Female"
6,NA,FALSE,0,2,3,FALSE,"alone",2023-10-08 16:24:06,3.4,4,36,"Female"
6,NA,TRUE,-1,5,4,FALSE,"friends",2023-10-14 20:41:01,2.8,391,36,"Female"
6,NA,TRUE,-3,6,3,FALSE,"friends",2023-10-06 16:02:28,2,4,36,"Female"
6,"Facebook",TRUE,-2,7,4,FALSE,"alone",2023-10-17 00:10:54,4.4,583,36,"Female"
6,"Facebook",TRUE,1,3,3,FALSE,"alone",2023-10-18 10:23:25,4.2,469,36,"Female"
6,NA,TRUE,0,7,3,FALSE,"alone",2023-10-06 02:18:33,2.8,8,36,"Female"
6,"Facebook",TRUE,0,6,3,FALSE,"alone",2023-10-12 00:08:09,2.4,8,36,"Female"
6,"Facebook",TRUE,-2,5,3,FALSE,"friends",2023-10-10 21:05:30,4.4,242,36,"Female"
6,NA,TRUE,-1,5,3,FALSE,"friends",2023-10-12 22:11:28,3,3,36,"Female"
6,"Facebook",FALSE,1,7,3,TRUE,"alone",2023-10-11 13:01:23,3.4,145,36,"Female"
6,NA,TRUE,-2,3,4,FALSE,"friends",2023-10-06 10:52:22,4.2,263,36,"Female"
6,NA,TRUE,2,5,4,FALSE,"friends",2023-10-20 10:58:39,3.2,1,36,"Female"
6,NA,TRUE,0,6,3,FALSE,"friends",2023-10-19 13:35:29,4,219,36,"Female"
6,NA,FALSE,2,2,3,FALSE,"friends",2023-10-10 13:56:03,3,8,36,"Female"
6,NA,TRUE,0,5,3,FALSE,"friends",2023-10-15 13:48:37,4.2,342,36,"Female"
6,NA,TRUE,1,7,3,FALSE,"alone",2023-10-15 11:12:06,2.6,12,36,"Female"
6,"Facebook",TRUE,-1,5,4,FALSE,"alone",2023-10-06 17:33:16,2.8,179,36,"Female"
6,"Twitter",TRUE,-3,8,3,FALSE,"alone",2023-10-09 23:57:28,3.4,514,36,"Female"
6,"Facebook",TRUE,-3,8,4,FALSE,"alone",2023-10-09 01:05:31,4.6,1108,36,"Female"
6,NA,TRUE,-3,8,5,FALSE,"alone",2023-10-11 00:33:15,2.6,14,36,"Female"
6,"Facebook",TRUE,1,3,4,FALSE,"alone",2023-10-13 11:28:07,4.6,1066,36,"Female"
6,NA,TRUE,1,4,3,FALSE,"friends",2023-10-06 19:42:21,2.6,5,36,"Female"
6,NA,TRUE,-2,4,4,FALSE,"friends",2023-10-14 19:56:06,4.2,241,36,"Female"
7,NA,TRUE,-2,7,4,FALSE,"alone",2023-10-08 22:22:07,3.2,9,28,"Male"
7,"Reddit",TRUE,-2,3,4,FALSE,"alone",2023-10-06 20:54:22,2.6,7,28,"Male"
7,NA,TRUE,-2,6,4,FALSE,"friends",2023-10-22 18:49:42,2.8,12,28,"Male"
8,NA,TRUE,-3,5,3,FALSE,"alone",2023-10-07 22:41:27,4,5,49,"Male"
8,NA,TRUE,-2,7,2,FALSE,"alone",2023-10-25 21:31:49,4.4,3,49,"Male"
8,NA,FALSE,1,2,2,TRUE,"alone",2023-10-25 13:20:10,5,3,49,"Male"
8,NA,TRUE,-2,6,3,FALSE,"alone",2023-10-09 01:32:26,4.4,15,49,"Male"
8,NA,TRUE,-3,6,3,TRUE,"alone",2023-10-06 00:55:39,3.6,6,49,"Male"
8,NA,TRUE,-2,4,4,FALSE,"alone",2023-10-06 21:00:10,4.4,5,49,"Male"
8,NA,TRUE,-3,4,3,FALSE,"alone",2023-10-06 21:36:27,4.6,5,49,"Male"
8,NA,TRUE,-2,3,3,FALSE,"alone",2023-10-20 19:01:40,4,7,49,"Male"
8,NA,FALSE,1,2,2,TRUE,"friends",2023-10-19 11:54:59,5,4,49,"Male"
8,NA,TRUE,2,3,3,FALSE,"alone",2023-10-26 17:52:30,5,4,49,"Male"
8,NA,TRUE,-2,4,3,TRUE,"alone",2023-10-06 23:34:59,4.2,4,49,"Male"
8,NA,TRUE,2,5,2,TRUE,"alone",2023-10-08 01:14:34,4.8,1,49,"Male"
8,NA,TRUE,1,3,3,FALSE,"alone",2023-10-20 12:55:30,4.4,2,49,"Male"
8,NA,TRUE,0,5,2,FALSE,"alone",2023-10-19 11:00:52,4.4,3,49,"Male"
8,NA,TRUE,-3,8,2,FALSE,"alone",2023-10-15 03:11:48,5,5,49,"Male"
8,NA,TRUE,-2,7,3,TRUE,"alone",2023-10-15 00:13:59,2.8,5,49,"Male"
8,NA,TRUE,-3,8,2,FALSE,"alone",2023-10-16 06:05:56,5,4,49,"Male"
8,NA,TRUE,-1,3,3,FALSE,"alone",2023-10-15 20:51:50,4,5,49,"Male"
8,"Facebook",TRUE,-2,6,2,FALSE,"alone",2023-10-20 03:24:11,4.6,4,49,"Male"
8,NA,TRUE,-2,3,3,FALSE,"alone",2023-10-07 21:08:19,4.4,2,49,"Male"
8,NA,TRUE,0,3,2,TRUE,"alone",2023-10-17 22:42:36,4.8,3,49,"Male"
8,NA,TRUE,-2,7,2,FALSE,"alone",2023-10-21 09:11:53,5,6,49,"Male"
8,NA,FALSE,0,2,4,TRUE,"strangers",2023-10-10 14:24:20,3.4,3,49,"Male"
8,NA,TRUE,1,4,4,TRUE,"alone",2023-10-05 17:11:57,4,0,49,"Male"
8,NA,TRUE,0,3,2,FALSE,"alone",2023-10-25 12:10:06,5,6,49,"Male"
8,NA,TRUE,0,2,3,TRUE,"alone",2023-10-22 12:55:37,5,5,49,"Male"
8,NA,TRUE,-2,7,3,TRUE,"alone",2023-10-12 19:35:03,4.6,4,49,"Male"
8,NA,TRUE,1,3,3,TRUE,"alone",2023-10-06 18:08:14,4.2,8,49,"Male"
8,NA,TRUE,-3,6,3,FALSE,"alone",2023-10-10 02:11:09,4.8,7,49,"Male"
8,NA,TRUE,0,3,4,FALSE,"alone",2023-10-06 16:38:34,3.2,6,49,"Male"
8,NA,TRUE,2,2,2,TRUE,"alone",2023-10-07 13:09:13,5,3,49,"Male"
8,NA,TRUE,-1,3,3,FALSE,"alone",2023-10-18 19:18:28,4,4,49,"Male"
8,NA,TRUE,-3,2,2,FALSE,"alone",2023-10-11 02:21:10,4,0,49,"Male"
8,NA,TRUE,-2,4,2,FALSE,"alone",2023-10-26 22:00:52,5,3,49,"Male"
9,"Instagram",TRUE,1,7,3,FALSE,"alone",2023-10-16 03:46:07,4,7,33,"Female"
9,"Instagram",TRUE,1,8,3,TRUE,"friends",2023-10-13 02:51:19,2.6,21,33,"Female"
9,NA,TRUE,0,7,3,FALSE,"friends",2023-10-14 02:07:13,3,9,33,"Female"
9,"Reddit",TRUE,-1,7,3,FALSE,"friends",2023-10-14 02:23:59,3.6,73,33,"Female"
9,NA,TRUE,0,8,3,FALSE,"alone",2023-10-19 08:59:18,3,0,33,"Female"
9,"Instagram",TRUE,-2,7,3,FALSE,"friends",2023-10-12 05:03:42,4,1424,33,"Female"
9,NA,TRUE,-2,5,4,TRUE,"friends",2023-10-13 19:53:34,4,0,33,"Female"
9,"Instagram",TRUE,0,8,3,FALSE,"alone",2023-10-21 01:41:47,2,2,33,"Female"
9,NA,TRUE,-2,7,2,TRUE,"friends",2023-10-26 21:52:37,3,5,33,"Female"
9,"Instagram",TRUE,0,8,3,FALSE,"alone",2023-10-17 01:26:39,3,6,33,"Female"
10,"Reddit",FALSE,2,1,5,TRUE,"friends",2023-10-10 18:34:09,2,3,27,"Male"
10,NA,TRUE,-3,1,5,TRUE,"alone",2023-10-15 14:35:29,5,0,27,"Male"
10,NA,FALSE,-2,1,4,TRUE,"friends",2023-10-09 14:30:58,2,5,27,"Male"
10,"Reddit",FALSE,-1,1,5,TRUE,"friends",2023-10-12 14:05:06,5,2,27,"Male"
10,NA,TRUE,-3,9,2,TRUE,"alone",2023-10-12 08:38:46,5,3,27,"Male"
10,NA,TRUE,-3,9,1,TRUE,"alone",2023-10-10 17:04:26,5,0,27,"Male"
10,"Reddit",TRUE,-2,6,2,TRUE,"alone",2023-10-05 15:04:29,5,17,27,"Male"
10,"Reddit",FALSE,2,1,5,TRUE,"friends",2023-10-10 11:07:56,5,15,27,"Male"
10,NA,TRUE,-1,1,5,TRUE,"alone",2023-10-12 16:39:59,1,0,27,"Male"
10,NA,TRUE,-1,2,5,TRUE,"friends",2023-10-11 20:58:07,2,4040,27,"Male"
10,NA,FALSE,2,7,2,TRUE,"friends",2023-10-03 16:57:18,5,3,27,"Male"
10,NA,FALSE,2,7,2,TRUE,"friends",2023-10-03 16:57:18,4.6,3,27,"Male"
10,"Reddit",TRUE,-3,9,1,TRUE,"alone",2023-10-12 09:52:23,2,2,27,"Male"
10,NA,FALSE,2,1,1,TRUE,"friends",2023-10-13 20:04:56,5,3,27,"Male"
10,NA,FALSE,-2,1,5,TRUE,"alone",2023-10-06 19:28:07,5,1,27,"Male"
10,NA,TRUE,3,4,5,TRUE,"alone",2023-10-03 21:10:50,5,3,27,"Male"
10,NA,FALSE,2,1,5,TRUE,"friends",2023-10-12 12:58:01,5,0,27,"Male"
10,NA,TRUE,-3,5,1,TRUE,"alone",2023-10-02 10:07:25,5,0,27,"Male"
10,NA,TRUE,-1,3,4,TRUE,"friends",2023-10-15 19:06:40,5,5,27,"Male"
10,"Reddit",FALSE,2,2,1,TRUE,"friends",2023-10-13 20:21:09,5,54,27,"Male"
10,NA,TRUE,-3,1,5,TRUE,"alone",2023-10-11 14:12:12,5,0,27,"Male"
10,NA,TRUE,-3,1,5,TRUE,"alone",2023-10-08 17:24:18,1,8,27,"Male"
10,NA,TRUE,-3,1,5,TRUE,"alone",2023-10-10 20:02:20,5,2,27,"Male"
10,NA,TRUE,-3,9,1,FALSE,"alone",2023-10-13 02:11:34,1,17,27,"Male"
10,NA,TRUE,-3,1,5,TRUE,"alone",2023-10-16 17:33:11,5,2,27,"Male"
10,NA,FALSE,2,1,5,TRUE,"friends",2023-10-13 13:34:34,5,3,27,"Male"
10,NA,FALSE,-1,1,5,TRUE,"friends",2023-10-08 15:34:15,5,2,27,"Male"
10,NA,FALSE,2,1,5,TRUE,"friends",2023-10-14 17:21:09,5,2,27,"Male"
10,NA,TRUE,-3,2,5,TRUE,"alone",2023-10-07 19:19:29,3.8,2,27,"Male"
10,NA,FALSE,2,2,3,TRUE,"alone",2023-10-03 12:51:29,5,4,27,"Male"
10,NA,TRUE,-3,6,5,TRUE,"alone",2023-10-04 18:19:38,5,3,27,"Male"
10,NA,FALSE,2,1,5,TRUE,"friends",2023-10-09 15:55:31,5,2,27,"Male"
10,"Reddit",FALSE,1,1,5,TRUE,"friends",2023-10-13 13:50:14,4,21,27,"Male"
10,NA,FALSE,-2,1,4,TRUE,"friends",2023-10-08 16:23:57,5,4,27,"Male"
10,NA,TRUE,-3,1,2,FALSE,"alone",2023-10-09 12:34:45,5,21,27,"Male"
10,NA,FALSE,-2,1,4,TRUE,"alone",2023-10-05 18:32:53,5,2,27,"Male"
10,NA,TRUE,0,7,3,TRUE,"alone",2023-10-01 07:13:17,3,4,27,"Male"
10,NA,TRUE,-1,7,3,FALSE,"alone",2023-10-02 15:44:21,3.4,4,27,"Male"
10,NA,TRUE,-3,9,3,TRUE,"alone",2023-10-08 00:59:24,2,0,27,"Male"
10,NA,TRUE,1,2,5,TRUE,"alone",2023-10-01 09:44:49,5,8,27,"Male"
10,NA,TRUE,-3,8,3,TRUE,"alone",2023-10-03 23:13:23,5,7,27,"Male"
10,NA,TRUE,-3,1,5,TRUE,"friends",2023-10-10 21:27:07,1.6,3,27,"Male"
10,NA,TRUE,-1,1,5,TRUE,"alone",2023-10-05 09:54:08,5,3,27,"Male"
10,NA,TRUE,-3,1,5,FALSE,"alone",2023-10-17 14:17:17,5,1,27,"Male"
10,"Reddit",TRUE,0,1,3,TRUE,"alone",2023-10-08 12:08:10,1.8,10,27,"Male"
10,"Reddit",TRUE,-2,7,2,TRUE,"friends",2023-10-12 22:33:39,5,17,27,"Male"
10,NA,TRUE,0,4,5,TRUE,"alone",2023-10-13 10:35:25,2,2,27,"Male"
10,NA,TRUE,-3,9,2,TRUE,"alone",2023-10-07 01:32:03,5,4,27,"Male"
10,NA,FALSE,3,5,2,TRUE,"friends",2023-10-03 09:05:29,5,8,27,"Male"
10,NA,TRUE,-3,7,3,TRUE,"alone",2023-10-03 18:01:05,3,4,27,"Male"
10,"Reddit",TRUE,1,4,5,TRUE,"alone",2023-10-01 08:10:42,5,2,27,"Male"
10,NA,TRUE,-3,6,3,TRUE,"alone",2023-09-29 23:11:47,3.4,5,27,"Male"
10,NA,TRUE,-3,9,2,TRUE,"alone",2023-10-15 12:22:57,5,9,27,"Male"
10,NA,TRUE,-3,1,1,TRUE,"alone",2023-10-18 12:52:03,5,29,27,"Male"
10,NA,TRUE,-3,5,3,FALSE,"alone",2023-09-29 22:23:17,3.8,6,27,"Male"
10,"Reddit",TRUE,-3,1,4,TRUE,"alone",2023-09-30 12:13:35,4,25,27,"Male"
10,NA,TRUE,2,1,5,TRUE,"alone",2023-10-02 12:30:27,4,4,27,"Male"
10,NA,FALSE,1,2,4,TRUE,"alone",2023-10-03 10:39:57,3.4,4,27,"Male"
10,NA,TRUE,-3,1,5,FALSE,"alone",2023-10-03 13:14:28,5,3,27,"Male"
10,NA,TRUE,-1,1,5,TRUE,"alone",2023-10-08 10:41:06,4,2,27,"Male"
10,NA,FALSE,1,1,5,TRUE,"friends",2023-10-11 12:18:37,2,0,27,"Male"
10,NA,FALSE,-3,1,4,TRUE,"alone",2023-10-04 14:01:40,4.6,5,27,"Male"
10,NA,TRUE,-3,1,3,TRUE,"alone",2023-10-14 18:48:45,1,3,27,"Male"
11,"TikTok",FALSE,-2,7,4,FALSE,"friends",2023-10-19 22:39:07,4.2,2688,43,"Female"
11,"TikTok",FALSE,-2,3,4,FALSE,"alone",2023-10-12 22:18:14,4,1165,43,"Female"
11,NA,FALSE,-2,7,4,FALSE,"alone",2023-10-06 04:41:25,2,13,43,"Female"
11,"TikTok",FALSE,-2,6,4,FALSE,"friends",2023-10-09 00:09:41,2.6,2090,43,"Female"
11,"TikTok",FALSE,0,5,4,FALSE,"alone",2023-10-15 17:48:04,4,1673,43,"Female"
11,"TikTok",FALSE,-1,4,4,FALSE,"alone",2023-10-12 23:51:04,4,1339,43,"Female"
11,"TikTok",FALSE,-1,3,4,TRUE,"friends",2023-10-14 21:08:39,4,1105,43,"Female"
11,"TikTok",FALSE,-1,3,4,FALSE,"alone",2023-10-11 22:23:34,3,935,43,"Female"
11,"TikTok",FALSE,-3,8,4,FALSE,"alone",2023-10-08 03:41:45,2.8,69,43,"Female"
11,"TikTok",FALSE,-3,8,4,FALSE,"alone",2023-10-06 06:09:22,2,8,43,"Female"
11,"TikTok",FALSE,-2,4,4,FALSE,"alone",2023-10-11 21:52:07,4,448,43,"Female"
11,"TikTok",FALSE,-2,2,4,FALSE,"alone",2023-10-26 11:49:13,5,2297,43,"Female"
11,"TikTok",FALSE,-2,7,4,FALSE,"alone",2023-10-10 00:55:40,3.4,616,43,"Female"
11,"TikTok",FALSE,-2,5,4,FALSE,"alone",2023-10-08 23:18:19,3.2,17,43,"Female"
11,NA,FALSE,-2,3,4,FALSE,"friends",2023-10-16 03:30:37,3,2,43,"Female"
11,"TikTok",FALSE,-1,5,4,FALSE,"friends",2023-10-14 21:57:58,3,886,43,"Female"
12,NA,TRUE,-3,7,2,FALSE,"alone",2023-09-29 23:50:07,4.6,44,20,"Male"
13,"Facebook",FALSE,-3,4,4,FALSE,"friends",2023-10-10 15:37:57,5,5,30,"Male"
13,NA,TRUE,-3,6,2,FALSE,"alone",2023-10-13 16:28:03,5,7,30,"Male"
13,"Twitter",FALSE,-3,7,2,FALSE,"alone",2023-10-07 10:28:49,3.6,5,30,"Male"
13,"Twitter",FALSE,-3,3,3,FALSE,"alone",2023-10-06 19:14:18,3.6,5,30,"Male"
13,"Facebook",FALSE,-3,6,3,FALSE,"friends",2023-10-10 16:19:40,4.4,3,30,"Male"
13,"Twitter",FALSE,-3,7,2,FALSE,"friends",2023-10-16 18:20:18,4.6,2,30,"Male"
13,"Twitter",TRUE,-3,7,2,FALSE,"alone",2023-10-19 17:28:21,5,20,30,"Male"
13,NA,TRUE,-3,6,3,FALSE,"alone",2023-10-15 16:41:37,5,7,30,"Male"
13,NA,TRUE,-3,7,2,FALSE,"alone",2023-10-13 15:00:45,5,6,30,"Male"
13,"Twitter",TRUE,-3,6,1,FALSE,"alone",2023-10-11 17:16:12,5,3,30,"Male"
14,NA,FALSE,-2,3,3,FALSE,"friends",2023-10-25 16:49:03,4,5,47,"Female"
14,"Twitter",TRUE,-1,5,3,FALSE,"alone",2023-10-21 12:41:30,3.8,0,47,"Female"
15,"Facebook",TRUE,-3,6,3,FALSE,"friends",2023-10-22 08:43:27,3,1059,42,"Male"
15,"Facebook",TRUE,-1,2,3,FALSE,"friends",2023-10-21 22:27:34,3.6,3,42,"Male"
16,"TikTok",TRUE,-2,5,5,FALSE,"alone",2023-10-23 02:26:29,5,1330,57,"Female"
16,"Facebook",TRUE,-3,7,3,FALSE,"alone",2023-10-18 09:52:14,5,133,57,"Female"
16,"Facebook",TRUE,-2,7,5,FALSE,"alone",2023-10-15 03:43:23,5,1161,57,"Female"
17,"Reddit",TRUE,1,4,3,FALSE,"alone",2023-10-02 01:45:10,3.8,950,37,"Male"
18,NA,TRUE,1,7,4,TRUE,"friends",2023-10-08 12:40:14,4.8,241,45,"Female"
19,NA,TRUE,0,2,3,TRUE,"alone",2023-10-15 06:17:55,4,0,25,"Non-binary"
19,NA,TRUE,-3,4,4,TRUE,"friends",2023-10-02 17:50:55,3.8,11,25,"Non-binary"
19,"Reddit",TRUE,-3,7,2,TRUE,"alone",2023-10-07 03:04:59,4.2,13,25,"Non-binary"
20,"Reddit",TRUE,-2,3,3,TRUE,"alone",2023-10-06 16:06:03,4,37,37,"Non-binary"
20,"Twitter",TRUE,-1,3,4,TRUE,"alone",2023-10-05 08:27:40,3.8,8,37,"Non-binary"
21,"Facebook",TRUE,-3,1,5,FALSE,"alone",2023-10-17 15:51:07,4,711,52,"Female"
21,"Facebook",TRUE,-1,4,2,FALSE,"alone",2023-10-10 21:54:29,4,959,52,"Female"
21,NA,TRUE,-2,5,4,FALSE,"alone",2023-10-13 00:14:33,3.2,2839,52,"Female"
21,NA,TRUE,-3,2,5,TRUE,"alone",2023-10-17 00:01:42,2,7,52,"Female"
21,"Facebook",TRUE,-3,2,4,FALSE,"alone",2023-10-14 20:13:33,5,496,52,"Female"
21,"Facebook",TRUE,-3,1,5,FALSE,"alone",2023-10-15 18:46:21,5,916,52,"Female"
21,"Facebook",TRUE,-3,3,4,FALSE,"alone",2023-10-15 14:06:46,3.2,374,52,"Female"
21,"Facebook",TRUE,0,3,4,TRUE,"alone",2023-10-09 21:04:23,2,7,52,"Female"
21,"Facebook",TRUE,0,2,5,TRUE,"alone",2023-10-17 02:13:52,4,112,52,"Female"
21,"Facebook",TRUE,-3,2,5,TRUE,"friends",2023-10-15 22:19:45,4,1398,52,"Female"
21,"Facebook",TRUE,-3,1,4,TRUE,"friends",2023-10-14 19:21:01,2.4,146,52,"Female"
22,NA,TRUE,-3,9,2,FALSE,"alone",2023-10-16 16:08:01,2.8,752,40,"Male"
23,"Facebook",TRUE,0,2,3,FALSE,"alone",2023-10-15 08:54:16,2.2,269,32,"Male"
23,NA,FALSE,3,1,4,FALSE,"alone",2023-10-16 11:37:17,2.2,185,32,"Male"
23,"Facebook",TRUE,2,1,5,FALSE,"alone",2023-10-16 10:59:11,3.8,11,32,"Male"
23,NA,TRUE,0,4,3,FALSE,"alone",2023-10-17 00:45:49,2.4,1051,32,"Male"
23,NA,TRUE,0,3,4,FALSE,"friends",2023-10-13 04:25:45,3.4,501,32,"Male"
23,"Facebook",TRUE,0,4,3,TRUE,"alone",2023-10-05 02:49:16,3,16,32,"Male"
23,NA,TRUE,1,2,3,FALSE,"alone",2023-10-08 20:56:15,2.2,22,32,"Male"
24,"Reddit",TRUE,-3,6,5,TRUE,"alone",2023-10-15 00:03:44,3,2056,61,"Non-binary"
24,"Reddit",TRUE,-3,7,4,FALSE,"alone",2023-10-09 05:04:48,2.8,749,61,"Non-binary"
24,NA,TRUE,1,4,5,TRUE,"alone",2023-10-12 17:40:18,3.6,912,61,"Non-binary"
24,"Reddit",TRUE,-3,7,5,TRUE,"alone",2023-10-11 02:20:21,3,2807,61,"Non-binary"
25,"YouTube",TRUE,-1,2,3,FALSE,"friends",2023-10-04 12:24:12,2.8,364,30,"Female"
25,NA,TRUE,-2,6,1,FALSE,"alone",2023-10-11 15:26:48,4,1040,30,"Female"
25,"TikTok",TRUE,-3,4,4,FALSE,"alone",2023-10-13 18:05:45,4.4,218,30,"Female"
25,"TikTok",TRUE,-3,1,2,FALSE,"alone",2023-10-14 15:00:00,4.6,976,30,"Female"
25,"TikTok",TRUE,-3,4,4,FALSE,"alone",2023-10-13 17:17:02,3.6,58,30,"Female"
25,"TikTok",TRUE,-2,3,3,FALSE,"alone",2023-10-13 15:43:00,2.2,3,30,"Female"
25,"TikTok",TRUE,2,3,2,FALSE,"friends",2023-10-11 13:28:34,1.4,4,30,"Female"
26,"Reddit",TRUE,-3,1,3,TRUE,"alone",2023-11-01 10:09:20,4.8,0,24,"Male"
26,NA,TRUE,-2,1,3,TRUE,"alone",2023-10-28 16:27:25,5,8,24,"Male"
26,"Reddit",TRUE,-3,6,3,FALSE,"alone",2023-10-31 01:18:36,4.4,4,24,"Male"
26,"Reddit",TRUE,-3,6,2,FALSE,"alone",2023-11-06 00:16:38,3.6,185,24,"Male"
26,"Reddit",TRUE,-3,2,4,TRUE,"alone",2023-10-29 22:05:04,5,76,24,"Male"
26,NA,TRUE,-3,1,3,TRUE,"alone",2023-10-30 18:09:49,4.6,838,24,"Male"
26,"Reddit",TRUE,-3,6,3,TRUE,"alone",2023-10-28 23:21:41,4.8,311,24,"Male"
26,NA,TRUE,-3,7,3,FALSE,"alone",2023-11-02 00:15:22,4.6,442,24,"Male"
26,"Reddit",TRUE,-2,2,3,FALSE,"alone",2023-11-08 02:03:21,4.4,3801,24,"Male"
26,NA,TRUE,-3,8,3,TRUE,"alone",2023-11-04 01:06:01,4.4,1707,24,"Male"
26,"Reddit",TRUE,-1,1,3,TRUE,"alone",2023-11-05 00:00:10,4.2,232,24,"Male"
26,"Reddit",TRUE,-3,3,3,TRUE,"alone",2023-11-01 22:28:53,4.8,698,24,"Male"
26,"Reddit",TRUE,-2,2,2,FALSE,"alone",2023-11-06 14:00:11,4.4,371,24,"Male"
27,"Instagram",TRUE,0,3,3,TRUE,"alone",2023-10-14 11:56:51,3,2,26,"Non-binary"
27,"Instagram",TRUE,-1,4,3,FALSE,"friends",2023-10-09 20:49:32,3,3,26,"Non-binary"
27,"Instagram",TRUE,0,5,3,FALSE,"alone",2023-10-14 11:14:40,3,4,26,"Non-binary"
27,"Instagram",TRUE,-3,8,3,FALSE,"alone",2023-10-06 21:07:13,3,643,26,"Non-binary"
27,"Instagram",TRUE,-1,6,3,FALSE,"alone",2023-10-12 20:19:51,2.8,2,26,"Non-binary"
27,"Instagram",TRUE,0,5,3,TRUE,"alone",2023-10-07 23:42:50,3.2,80,26,"Non-binary"
27,"Twitter",TRUE,-2,6,3,FALSE,"alone",2023-10-05 23:33:21,3,4,26,"Non-binary"
27,"Reddit",TRUE,-3,8,3,FALSE,"alone",2023-10-08 02:43:10,2.8,4,26,"Non-binary"
27,"Instagram",TRUE,0,6,3,FALSE,"friends",2023-10-12 19:24:23,3,23,26,"Non-binary"
27,NA,TRUE,1,7,3,TRUE,"alone",2023-10-16 15:43:49,3,3,26,"Non-binary"
27,NA,TRUE,-2,7,3,FALSE,"alone",2023-10-14 14:25:14,3.2,11,26,"Non-binary"
27,"Instagram",TRUE,0,3,3,TRUE,"friends",2023-10-11 19:16:21,2.8,2,26,"Non-binary"
27,NA,TRUE,1,4,4,TRUE,"friends",2023-10-10 19:54:52,3,2,26,"Non-binary"
27,"Instagram",TRUE,0,6,3,FALSE,"friends",2023-10-12 20:04:21,3.2,3,26,"Non-binary"
27,"Instagram",TRUE,0,5,3,TRUE,"alone",2023-10-06 13:33:42,2.6,6,26,"Non-binary"
27,"Instagram",TRUE,-2,7,3,FALSE,"alone",2023-10-14 23:20:58,3.2,2,26,"Non-binary"
27,"Instagram",TRUE,-3,7,3,FALSE,"alone",2023-10-06 22:28:20,3,3,26,"Non-binary"
27,NA,TRUE,-1,5,3,TRUE,"alone",2023-10-06 12:46:11,2.6,5,26,"Non-binary"
28,NA,TRUE,-3,1,4,FALSE,"alone",2023-10-30 14:48:19,5,1,41,"Male"
28,NA,TRUE,-3,4,2,FALSE,"alone",2023-11-03 13:11:59,4.8,15,41,"Male"
28,NA,TRUE,-3,2,4,FALSE,"alone",2023-11-04 11:10:29,5,2,41,"Male"
28,NA,TRUE,-3,2,4,FALSE,"alone",2023-10-07 12:43:51,4.6,0,41,"Male"
28,NA,TRUE,-3,3,4,FALSE,"alone",2023-11-06 17:03:28,4.8,58,41,"Male"
28,NA,TRUE,-3,6,4,FALSE,"alone",2023-11-03 22:27:23,5,31,41,"Male"
28,NA,TRUE,-3,6,4,FALSE,"alone",2023-10-30 01:45:34,4.8,23,41,"Male"
28,NA,TRUE,-3,7,4,FALSE,"alone",2023-11-01 22:53:51,4.6,5,41,"Male"
28,NA,TRUE,-3,1,3,FALSE,"alone",2023-10-28 17:42:32,4.6,0,41,"Male"
28,NA,TRUE,-3,6,2,FALSE,"alone",2023-11-03 07:58:14,4.8,3,41,"Male"
28,NA,TRUE,-3,1,5,FALSE,"alone",2023-10-11 13:10:25,4.4,21,41,"Male"
28,NA,TRUE,-3,6,4,FALSE,"alone",2023-11-04 00:21:46,5,1,41,"Male"
28,"Instagram",TRUE,-3,7,3,FALSE,"alone",2023-11-04 21:06:01,5,3,41,"Male"
28,NA,TRUE,-3,7,3,FALSE,"alone",2023-11-07 21:09:52,5,1708,41,"Male"
28,NA,TRUE,-3,4,4,FALSE,"alone",2023-11-03 17:54:15,5,2,41,"Male"
28,NA,TRUE,-3,6,2,FALSE,"alone",2023-10-07 19:23:16,4.6,14,41,"Male"
28,NA,TRUE,-3,8,4,FALSE,"alone",2023-11-04 01:36:38,5,0,41,"Male"
28,NA,TRUE,-3,8,3,FALSE,"alone",2023-10-06 00:07:22,4.4,19,41,"Male"
28,NA,TRUE,-3,8,2,FALSE,"alone",2023-10-10 01:36:06,4.8,0,41,"Male"
28,NA,TRUE,-3,7,4,FALSE,"alone",2023-10-30 02:22:03,5,35,41,"Male"
28,NA,TRUE,-3,1,2,FALSE,"alone",2023-10-29 09:42:12,4.8,5,41,"Male"
28,NA,TRUE,-3,1,4,FALSE,"alone",2023-10-09 13:12:20,4.8,0,41,"Male"
28,NA,TRUE,-3,7,4,FALSE,"alone",2023-11-01 23:21:12,5,1,41,"Male"
28,NA,TRUE,-3,7,4,FALSE,"alone",2023-10-08 21:23:35,4.6,88,41,"Male"
28,NA,TRUE,-3,1,3,FALSE,"alone",2023-10-28 10:38:42,4.6,384,41,"Male"
28,NA,TRUE,-3,2,2,FALSE,"alone",2023-10-29 11:07:19,4.8,0,41,"Male"
28,NA,TRUE,-3,6,4,FALSE,"alone",2023-10-31 04:54:19,4.8,1,41,"Male"
28,NA,TRUE,-3,5,3,FALSE,"alone",2023-11-05 16:31:02,5,2,41,"Male"
28,NA,TRUE,-3,5,2,FALSE,"alone",2023-10-29 12:02:59,4.6,5,41,"Male"
28,NA,TRUE,-3,1,4,FALSE,"alone",2023-10-09 11:36:22,4.6,0,41,"Male"
28,NA,TRUE,-3,8,4,FALSE,"alone",2023-10-08 01:23:35,4.6,69,41,"Male"
28,NA,TRUE,-3,5,3,FALSE,"alone",2023-10-05 15:22:39,4.2,34,41,"Male"
28,NA,TRUE,-3,3,4,FALSE,"alone",2023-10-06 14:53:54,4.4,1,41,"Male"
28,NA,TRUE,-2,5,3,FALSE,"alone",2023-10-05 12:45:39,4.4,136,41,"Male"
28,NA,TRUE,-3,3,4,FALSE,"alone",2023-11-01 13:45:17,4.8,7,41,"Male"
28,"Instagram",TRUE,-3,7,3,FALSE,"alone",2023-11-04 21:23:11,4.8,69,41,"Male"
28,NA,TRUE,-3,2,4,FALSE,"alone",2023-11-02 10:05:01,5,5,41,"Male"
28,NA,TRUE,-2,7,3,TRUE,"alone",2023-10-05 08:11:16,3.6,15,41,"Male"
28,NA,TRUE,-3,8,3,FALSE,"alone",2023-10-28 02:51:45,4.6,1,41,"Male"
28,NA,TRUE,-3,4,5,FALSE,"alone",2023-10-11 15:46:29,4.8,0,41,"Male"
28,NA,TRUE,-3,2,3,FALSE,"alone",2023-10-28 09:58:55,4.8,12,41,"Male"
28,NA,TRUE,-3,2,4,FALSE,"alone",2023-10-09 11:05:16,4.8,0,41,"Male"
28,NA,TRUE,-3,2,4,FALSE,"alone",2023-11-07 09:27:31,4.8,31,41,"Male"
28,NA,TRUE,-3,7,4,FALSE,"alone",2023-10-09 23:00:35,4.6,0,41,"Male"
29,"Facebook",TRUE,-2,4,4,TRUE,"alone",2023-11-07 09:27:51,5,286,32,"Female"
29,"TikTok",TRUE,-3,5,5,TRUE,"alone",2023-11-04 12:13:02,5,2360,32,"Female"
29,"TikTok",TRUE,-3,6,5,TRUE,"friends",2023-11-05 20:40:20,5,700,32,"Female"
29,"TikTok",TRUE,-3,3,5,TRUE,"alone",2023-11-03 09:31:57,4,61,32,"Female"
29,"TikTok",TRUE,-3,7,5,TRUE,"alone",2023-11-03 10:26:43,5,955,32,"Female"
29,"TikTok",TRUE,-3,4,4,FALSE,"friends",2023-10-28 21:27:45,3,9,32,"Female"
29,"Facebook",TRUE,-1,1,5,FALSE,"alone",2023-10-31 14:26:07,4,178,32,"Female"
29,NA,TRUE,-3,6,5,TRUE,"friends",2023-11-05 22:57:25,5,0,32,"Female"
29,"Instagram",TRUE,-3,6,5,TRUE,"friends",2023-11-08 22:12:58,5,514,32,"Female"
29,"TikTok",TRUE,-3,5,5,TRUE,"friends",2023-11-05 21:49:57,5,3071,32,"Female"
29,"TikTok",TRUE,-3,7,4,TRUE,"alone",2023-10-29 02:04:24,3,8,32,"Female"
29,"TikTok",TRUE,-3,7,4,TRUE,"alone",2023-10-29 02:19:49,3,3,32,"Female"
29,"TikTok",TRUE,-3,6,4,TRUE,"alone",2023-10-29 01:33:35,4,4,32,"Female"
30,"Instagram",TRUE,-3,6,4,TRUE,"friends",2023-11-08 01:12:36,3,2,25,"Male"
30,"Instagram",TRUE,-3,6,3,TRUE,"alone",2023-10-28 22:28:04,4,5,25,"Male"
30,"Twitter",TRUE,-3,5,4,TRUE,"alone",2023-11-08 22:23:03,3,3,25,"Male"
30,"Instagram",TRUE,-3,8,3,TRUE,"alone",2023-11-08 01:54:30,3,20,25,"Male"
30,"Twitter",TRUE,-1,6,3,TRUE,"alone",2023-10-28 13:25:00,2.8,3,25,"Male"
31,"TikTok",TRUE,-1,1,3,TRUE,"alone",2023-10-06 15:46:32,3.6,2,31,"Male"
31,"TikTok",FALSE,-3,8,3,FALSE,"alone",2023-10-07 01:40:07,5,3,31,"Male"
31,"TikTok",TRUE,-3,2,3,TRUE,"alone",2023-10-06 14:18:41,4.8,2,31,"Male"
31,"Reddit",FALSE,0,7,3,FALSE,"alone",2023-10-10 01:43:55,3.4,90,31,"Male"
31,"TikTok",FALSE,-2,5,3,FALSE,"alone",2023-10-07 00:03:51,4.6,5,31,"Male"
31,"TikTok",FALSE,-2,8,3,FALSE,"alone",2023-10-11 07:18:27,3.4,1115,31,"Male"
31,"TikTok",FALSE,-3,8,2,FALSE,"alone",2023-10-07 01:24:38,2.8,2,31,"Male"
31,"TikTok",FALSE,-3,9,3,FALSE,"alone",2023-10-07 03:01:49,4.2,4,31,"Male"
31,"TikTok",FALSE,-2,3,3,FALSE,"alone",2023-10-09 17:11:36,2,758,31,"Male"
31,"TikTok",FALSE,-3,7,3,FALSE,"alone",2023-10-08 02:20:00,5,2,31,"Male"
31,"TikTok",FALSE,-3,7,3,FALSE,"alone",2023-10-07 22:18:11,4,3,31,"Male"
31,"Reddit",FALSE,-3,6,1,FALSE,"alone",2023-10-09 00:40:55,4,6,31,"Male"
31,"Reddit",FALSE,-1,5,3,FALSE,"friends",2023-10-08 18:13:17,2,325,31,"Male"
31,"TikTok",TRUE,-3,8,3,FALSE,"alone",2023-10-14 01:48:06,4,3,31,"Male"
31,"TikTok",TRUE,-3,6,3,FALSE,"alone",2023-10-14 08:35:15,4.2,138,31,"Male"
31,"TikTok",TRUE,-3,3,4,TRUE,"alone",2023-10-06 14:02:46,3.6,12,31,"Male"
31,"Reddit",FALSE,-2,6,3,FALSE,"alone",2023-10-07 18:35:40,4,3,31,"Male"
31,"TikTok",TRUE,-3,5,4,FALSE,"alone",2023-10-12 14:25:14,3,2,31,"Male"
31,"TikTok",TRUE,-2,4,3,FALSE,"alone",2023-10-15 14:26:33,4,2,31,"Male"
31,"TikTok",FALSE,-3,7,2,FALSE,"alone",2023-10-07 01:09:05,3.4,8,31,"Male"
31,"TikTok",TRUE,-3,5,3,FALSE,"alone",2023-10-13 04:00:32,4,8,31,"Male"
31,"TikTok",TRUE,-3,1,3,TRUE,"alone",2023-10-06 15:22:24,4.6,2,31,"Male"
31,"Reddit",FALSE,-2,7,3,FALSE,"alone",2023-10-07 18:51:14,4,2,31,"Male"
31,"TikTok",FALSE,-3,6,3,FALSE,"alone",2023-10-07 22:56:22,3.8,2,31,"Male"
31,"TikTok",TRUE,-3,3,4,FALSE,"alone",2023-10-12 10:01:08,5,2,31,"Male"
31,"Reddit",FALSE,-3,8,3,FALSE,"alone",2023-10-08 03:21:01,3.4,601,31,"Male"
31,"TikTok",TRUE,-2,6,3,FALSE,"alone",2023-10-13 02:00:31,2,1426,31,"Male"
31,"TikTok",FALSE,-3,7,3,FALSE,"alone",2023-10-10 00:56:50,2,284,31,"Male"
31,"Reddit",FALSE,-3,8,2,FALSE,"alone",2023-10-07 02:29:06,5,2,31,"Male"
31,"TikTok",FALSE,-3,6,3,FALSE,"alone",2023-10-08 01:56:59,4,2,31,"Male"
31,"TikTok",TRUE,-3,1,3,TRUE,"alone",2023-10-06 16:02:01,3.8,3,31,"Male"
32,NA,TRUE,-3,7,3,FALSE,"alone",2023-10-07 23:14:39,3.2,60,33,"Female"
32,"TikTok",TRUE,0,5,3,TRUE,"alone",2023-10-09 13:47:02,4,100,33,"Female"
32,"TikTok",TRUE,-3,8,2,FALSE,"alone",2023-10-11 23:51:00,4,63,33,"Female"
32,"TikTok",TRUE,-1,6,3,FALSE,"alone",2023-10-10 17:46:37,4,84,33,"Female"
32,"TikTok",TRUE,-3,8,2,FALSE,"alone",2023-10-15 23:06:53,4,1057,33,"Female"
32,NA,TRUE,1,5,2,FALSE,"alone",2023-10-10 15:59:31,4,84,33,"Female"
32,"TikTok",TRUE,-3,8,3,FALSE,"alone",2023-10-10 23:45:04,4,737,33,"Female"
33,"TikTok",TRUE,-3,7,3,FALSE,"alone",2023-10-04 08:05:31,4,7,32,"Non-binary"
33,NA,FALSE,-3,4,5,TRUE,"friends",2023-10-07 15:25:50,3,3,32,"Non-binary"
33,"TikTok",TRUE,0,3,3,TRUE,"alone",2023-10-04 12:11:39,5,63,32,"Non-binary"
33,"TikTok",TRUE,-1,5,3,TRUE,"alone",2023-10-04 11:30:21,3.8,6,32,"Non-binary"
33,NA,TRUE,3,5,3,TRUE,"friends",2023-10-08 14:38:11,4,2,32,"Non-binary"
33,"TikTok",TRUE,-1,7,2,FALSE,"alone",2023-10-05 07:23:54,4.4,2228,32,"Non-binary"
33,NA,TRUE,-2,5,3,FALSE,"alone",2023-10-07 20:36:12,4,2,32,"Non-binary"
33,"TikTok",TRUE,0,5,2,TRUE,"alone",2023-10-06 17:43:30,4,330,32,"Non-binary"
33,"TikTok",TRUE,-3,4,3,FALSE,"alone",2023-10-04 12:35:59,4.4,519,32,"Non-binary"
33,"Reddit",TRUE,-3,9,2,FALSE,"alone",2023-10-09 02:59:27,4,285,32,"Non-binary"
33,"TikTok",TRUE,0,4,2,TRUE,"alone",2023-10-08 16:53:16,4,206,32,"Non-binary"
33,NA,TRUE,-2,5,4,TRUE,"friends",2023-10-06 15:08:38,3.4,8,32,"Non-binary"
33,"TikTok",TRUE,-3,7,3,FALSE,"alone",2023-10-13 09:52:21,2.8,5,32,"Non-binary"
33,"TikTok",TRUE,-2,6,4,FALSE,"alone",2023-10-06 15:55:53,4.4,348,32,"Non-binary"
33,NA,TRUE,2,4,4,TRUE,"alone",2023-10-06 11:24:49,2.6,3,32,"Non-binary"
33,"TikTok",TRUE,2,4,3,TRUE,"friends",2023-10-06 18:44:17,3.2,192,32,"Non-binary"
33,"TikTok",TRUE,-2,6,3,FALSE,"alone",2023-10-04 23:27:26,3.6,633,32,"Non-binary"
33,NA,TRUE,0,5,2,TRUE,"friends",2023-10-08 11:49:07,4,4,32,"Non-binary"
33,"TikTok",TRUE,-1,5,3,TRUE,"alone",2023-10-06 10:22:48,3.6,144,32,"Non-binary"
33,"TikTok",TRUE,-2,7,3,FALSE,"alone",2023-10-04 09:57:34,4.2,690,32,"Non-binary"
33,NA,TRUE,-3,5,3,FALSE,"friends",2023-10-03 21:41:17,3.6,3,32,"Non-binary"
33,"TikTok",TRUE,-3,5,3,TRUE,"friends",2023-10-03 21:23:40,3,7,32,"Non-binary"
33,"TikTok",TRUE,-3,7,2,FALSE,"alone",2023-10-03 22:15:50,3.8,9,32,"Non-binary"
33,"TikTok",TRUE,-2,8,3,FALSE,"alone",2023-10-04 09:15:30,3.4,6,32,"Non-binary"
33,NA,TRUE,-2,3,5,TRUE,"friends",2023-10-06 14:38:55,3,4,32,"Non-binary"
33,NA,TRUE,-2,6,2,TRUE,"friends",2023-10-08 20:30:05,4,673,32,"Non-binary"
33,"TikTok",TRUE,-2,6,3,TRUE,"friends",2023-10-07 18:47:56,4,18,32,"Non-binary"
33,NA,TRUE,2,4,2,TRUE,"alone",2023-10-08 14:00:49,4,2,32,"Non-binary"
33,NA,TRUE,0,5,3,TRUE,"friends",2023-10-07 19:27:00,4,2,32,"Non-binary"
33,"TikTok",TRUE,-2,6,3,FALSE,"alone",2023-10-07 20:53:32,4,119,32,"Non-binary"
33,"TikTok",TRUE,0,6,1,FALSE,"alone",2023-10-05 22:57:34,3,4,32,"Non-binary"
33,"TikTok",TRUE,-3,8,3,FALSE,"alone",2023-10-03 22:31:33,2.6,5,32,"Non-binary"
33,NA,TRUE,1,5,3,TRUE,"alone",2023-10-07 16:09:51,4,4,32,"Non-binary"
33,"TikTok",TRUE,-3,6,3,FALSE,"alone",2023-10-04 22:53:01,3,8,32,"Non-binary"
34,"TikTok",TRUE,-3,7,4,TRUE,"alone",2023-10-21 03:39:36,2.4,5,33,"Female"
34,"TikTok",TRUE,-1,6,3,TRUE,"alone",2023-10-27 22:17:31,3,113,33,"Female"
34,"TikTok",TRUE,-1,5,3,TRUE,"friends",2023-10-29 18:29:28,2,4,33,"Female"
34,"TikTok",TRUE,-2,3,4,FALSE,"friends",2023-10-24 20:34:12,3.6,398,33,"Female"
34,"TikTok",TRUE,-2,6,2,TRUE,"friends",2023-10-21 16:51:53,3.6,446,33,"Female"
34,"TikTok",TRUE,-2,5,4,TRUE,"friends",2023-10-21 18:33:11,3.2,46,33,"Female"
35,NA,TRUE,-3,2,5,FALSE,"alone",2023-10-11 08:05:31,4.2,12,31,"Male"
35,"Reddit",TRUE,-3,2,5,FALSE,"alone",2023-10-08 19:26:37,4.4,4,31,"Male"
35,"Reddit",TRUE,-3,4,5,FALSE,"alone",2023-10-11 04:53:32,2.4,2,31,"Male"
35,"Reddit",TRUE,-3,2,5,FALSE,"alone",2023-10-11 00:09:23,2.6,2,31,"Male"
35,"Reddit",TRUE,-3,4,5,FALSE,"alone",2023-10-10 00:26:46,2.4,3,31,"Male"
35,"Reddit",TRUE,3,3,5,FALSE,"alone",2023-10-11 05:12:51,1.8,3,31,"Male"
35,"Reddit",TRUE,-3,4,5,FALSE,"alone",2023-10-10 08:34:40,2.4,3,31,"Male"
35,"Reddit",TRUE,-3,4,5,FALSE,"alone",2023-10-11 04:37:56,2.6,3,31,"Male"
35,"Reddit",TRUE,-3,2,5,FALSE,"alone",2023-10-10 23:35:45,2.6,3,31,"Male"
35,"Reddit",TRUE,-3,5,5,FALSE,"alone",2023-10-08 05:37:30,5,4,31,"Male"
35,"Reddit",TRUE,-3,3,5,TRUE,"alone",2023-10-09 04:02:07,2.2,7,31,"Male"
35,"TikTok",TRUE,-3,1,5,FALSE,"alone",2023-10-14 04:56:45,1.8,6,31,"Male"
35,"Reddit",TRUE,-3,2,5,FALSE,"alone",2023-10-08 20:31:41,5,4,31,"Male"
35,"Reddit",TRUE,-3,3,5,FALSE,"alone",2023-10-07 19:16:44,2.6,8,31,"Male"
36,"Reddit",TRUE,-2,3,4,TRUE,"friends",2023-10-09 12:41:48,4.6,3,33,"Female"
36,"Reddit",TRUE,-2,5,3,FALSE,"friends",2023-10-03 20:14:04,5,657,33,"Female"
36,"Reddit",TRUE,-3,6,3,FALSE,"friends",2023-10-05 11:29:46,2.6,2,33,"Female"
36,NA,TRUE,0,5,3,TRUE,"friends",2023-10-05 07:36:53,2.8,2,33,"Female"
36,NA,TRUE,-1,5,3,FALSE,"friends",2023-10-11 12:27:20,2.2,13,33,"Female"
36,NA,TRUE,-2,5,3,TRUE,"friends",2023-10-12 15:47:10,2.6,4,33,"Female"
36,NA,TRUE,-3,5,2,TRUE,"friends",2023-10-11 19:58:56,5,7,33,"Female"
36,"Reddit",TRUE,-2,3,3,FALSE,"friends",2023-10-10 15:05:37,1.8,2,33,"Female"
36,"Reddit",TRUE,-3,7,3,FALSE,"alone",2023-10-12 00:11:20,1.8,3,33,"Female"
36,NA,TRUE,-1,3,4,TRUE,"friends",2023-10-05 15:16:05,4.6,2,33,"Female"
36,NA,TRUE,0,4,3,TRUE,"friends",2023-10-04 11:28:05,2,3,33,"Female"
36,"Reddit",TRUE,-2,5,4,TRUE,"friends",2023-10-05 10:56:48,3,2,33,"Female"
36,NA,TRUE,-2,4,2,TRUE,"alone",2023-10-10 13:22:58,3,2,33,"Female"
36,NA,TRUE,-1,4,3,TRUE,"alone",2023-10-10 11:59:59,5,2,33,"Female"
36,NA,TRUE,0,6,2,FALSE,"alone",2023-10-05 06:51:10,3.4,3,33,"Female"
36,NA,TRUE,-2,6,2,FALSE,"alone",2023-10-06 17:26:47,5,7,33,"Female"
36,"Reddit",TRUE,-3,7,3,FALSE,"friends",2023-10-09 22:21:42,5,2,33,"Female"
36,"Reddit",TRUE,-3,8,3,FALSE,"friends",2023-10-09 22:42:09,2.4,4,33,"Female"
36,"Reddit",TRUE,-2,2,3,FALSE,"friends",2023-10-06 16:08:45,5,2,33,"Female"
36,"Reddit",TRUE,-2,4,3,FALSE,"friends",2023-10-12 15:16:32,5,2,33,"Female"
36,"Reddit",TRUE,-3,6,3,FALSE,"alone",2023-10-11 23:47:47,5,521,33,"Female"
36,"Reddit",TRUE,0,4,4,FALSE,"friends",2023-10-08 10:56:02,2,2,33,"Female"
36,"Reddit",TRUE,-3,5,3,FALSE,"friends",2023-10-06 17:04:33,5,2,33,"Female"
36,NA,TRUE,0,2,3,FALSE,"alone",2023-10-06 14:26:54,5,1,33,"Female"
36,"Reddit",TRUE,0,4,3,TRUE,"friends",2023-10-05 15:31:39,4.6,2,33,"Female"
36,"Reddit",TRUE,-3,7,3,FALSE,"friends",2023-10-09 22:06:11,5,2,33,"Female"
36,"Reddit",TRUE,0,2,3,TRUE,"friends",2023-10-06 14:10:13,4.6,2,33,"Female"
36,"Reddit",TRUE,-3,5,3,FALSE,"friends",2023-10-10 20:05:39,5,4,33,"Female"
36,"Reddit",TRUE,-2,4,3,FALSE,"friends",2023-10-05 07:11:50,4.2,2,33,"Female"
36,NA,TRUE,1,4,4,TRUE,"friends",2023-10-08 12:48:06,2,2,33,"Female"
36,"Reddit",TRUE,-3,5,3,FALSE,"alone",2023-10-05 00:00:36,4.4,3,33,"Female"
36,NA,TRUE,-2,5,3,TRUE,"friends",2023-10-10 19:02:54,2,3,33,"Female"
36,"Reddit",TRUE,-2,4,3,FALSE,"friends",2023-10-05 15:53:14,5,2,33,"Female"
36,NA,TRUE,-1,3,3,TRUE,"friends",2023-10-09 14:06:02,2.8,4,33,"Female"
36,"Reddit",TRUE,-2,7,2,FALSE,"friends",2023-10-03 10:06:42,3,6,33,"Female"
36,"Reddit",TRUE,-3,6,2,FALSE,"friends",2023-10-11 20:14:19,5,2,33,"Female"
36,NA,TRUE,-1,5,3,TRUE,"friends",2023-10-11 12:09:53,5,2,33,"Female"
36,"Reddit",TRUE,-3,2,3,FALSE,"friends",2023-10-09 16:32:30,5,1,33,"Female"
37,"Facebook",TRUE,-1,7,3,FALSE,"alone",2023-10-10 13:45:27,4,5,48,"Male"
37,"YouTube",TRUE,0,5,3,TRUE,"alone",2023-10-08 14:04:37,4,12,48,"Male"
37,"Facebook",TRUE,-2,8,3,FALSE,"alone",2023-10-09 00:23:13,3,5,48,"Male"
37,"Twitter",TRUE,-2,5,3,FALSE,"alone",2023-10-08 15:44:14,3.4,6,48,"Male"
37,"Twitter",TRUE,-1,4,3,FALSE,"alone",2023-10-08 16:00:06,4,2,48,"Male"
37,"Twitter",TRUE,-3,6,4,FALSE,"alone",2023-10-08 22:21:11,4,7,48,"Male"
37,"Facebook",TRUE,-1,6,4,FALSE,"alone",2023-10-10 12:39:57,4,5,48,"Male"
37,"Twitter",TRUE,-2,6,3,FALSE,"alone",2023-10-10 18:33:16,4,2209,48,"Male"
37,"Facebook",TRUE,-1,3,3,TRUE,"alone",2023-10-08 07:56:59,4,710,48,"Male"
37,"Twitter",TRUE,-1,6,3,FALSE,"alone",2023-10-10 18:49:02,4,3,48,"Male"
37,"Twitter",TRUE,-1,5,3,FALSE,"alone",2023-10-11 18:34:23,4,418,48,"Male"
37,"Facebook",TRUE,-2,6,4,FALSE,"alone",2023-10-10 14:04:21,4,205,48,"Male"
37,NA,TRUE,-1,7,3,FALSE,"alone",2023-10-10 14:36:55,4,1005,48,"Male"
37,NA,TRUE,-1,6,3,FALSE,"alone",2023-10-10 15:18:25,4,637,48,"Male"
37,"Twitter",TRUE,-1,3,3,FALSE,"alone",2023-10-08 10:34:38,4,1086,48,"Male"
37,NA,TRUE,0,3,3,FALSE,"alone",2023-10-14 08:39:53,2,362,48,"Male"
37,NA,TRUE,-1,3,3,FALSE,"alone",2023-10-15 12:53:42,4,236,48,"Male"
37,"Twitter",TRUE,-1,7,3,FALSE,"alone",2023-10-10 19:37:18,4,699,48,"Male"
37,"Facebook",TRUE,-1,7,3,FALSE,"alone",2023-10-10 12:15:40,4,700,48,"Male"
37,NA,TRUE,-1,3,3,FALSE,"alone",2023-10-14 14:41:06,4,544,48,"Male"
37,NA,TRUE,-2,2,4,FALSE,"alone",2023-10-09 09:15:18,4,2,48,"Male"
37,NA,TRUE,-1,7,3,FALSE,"alone",2023-10-10 09:31:44,4,2,48,"Male"
37,"Twitter",TRUE,-2,4,4,FALSE,"alone",2023-10-08 16:31:28,4,5,48,"Male"
37,"Twitter",TRUE,-1,4,3,TRUE,"alone",2023-10-11 17:58:32,4,349,48,"Male"
37,"Twitter",TRUE,-1,3,4,FALSE,"alone",2023-10-08 16:15:47,4,5,48,"Male"
37,"Twitter",TRUE,-1,5,3,FALSE,"alone",2023-10-08 17:02:49,4,5,48,"Male"
37,"Twitter",TRUE,0,5,3,FALSE,"alone",2023-10-08 14:43:03,4,4,48,"Male"
37,"Twitter",TRUE,-1,5,3,TRUE,"alone",2023-10-12 19:03:57,4,357,48,"Male"
37,"Facebook",TRUE,-2,8,3,FALSE,"alone",2023-10-09 00:03:38,3,3,48,"Male"
37,"Twitter",TRUE,-1,4,3,FALSE,"alone",2023-10-08 16:47:05,4,4,48,"Male"
38,"TikTok",TRUE,-1,4,4,FALSE,"alone",2023-11-01 06:33:43,3.8,1063,37,"Female"
38,"TikTok",TRUE,1,1,4,FALSE,"alone",2023-11-01 16:13:54,3,195,37,"Female"
38,"TikTok",TRUE,-2,4,3,TRUE,"alone",2023-10-30 23:12:13,3.2,7,37,"Female"
38,"TikTok",TRUE,-2,7,3,FALSE,"alone",2023-11-03 06:43:28,3.8,507,37,"Female"
38,"TikTok",TRUE,0,5,4,FALSE,"alone",2023-11-07 06:49:42,4,1054,37,"Female"
38,"TikTok",TRUE,0,4,4,TRUE,"alone",2023-11-03 07:36:34,3.4,65,37,"Female"
38,"TikTok",TRUE,-3,7,4,FALSE,"alone",2023-11-05 07:39:36,4,953,37,"Female"
38,"TikTok",TRUE,-1,7,4,FALSE,"alone",2023-10-31 06:45:31,3.6,4,37,"Female"
38,"TikTok",TRUE,1,3,4,FALSE,"alone",2023-11-08 17:08:25,4,1572,37,"Female"
38,"TikTok",TRUE,-1,6,4,FALSE,"alone",2023-11-06 06:42:44,4,679,37,"Female"
38,"TikTok",TRUE,0,4,4,FALSE,"alone",2023-11-03 15:03:19,4,907,37,"Female"
38,"TikTok",TRUE,1,2,4,TRUE,"alone",2023-11-01 07:52:37,4,494,37,"Female"
38,"TikTok",TRUE,0,5,4,FALSE,"alone",2023-10-31 16:13:25,4,704,37,"Female"
38,"TikTok",TRUE,0,4,4,TRUE,"alone",2023-10-31 15:38:58,3.8,98,37,"Female"
39,NA,TRUE,1,5,3,TRUE,"alone",2023-11-02 15:42:47,3.8,0,40,"Male"
40,NA,TRUE,0,5,3,TRUE,"friends",2023-10-15 18:25:10,3,12,31,"Male"
41,"TikTok",TRUE,-1,4,3,TRUE,"alone",2023-10-01 18:12:32,3.2,45,41,"Male"
41,"TikTok",TRUE,-1,8,2,FALSE,"alone",2023-10-02 22:13:51,3,5,41,"Male"
41,"TikTok",TRUE,0,5,3,FALSE,"alone",2023-10-02 09:12:03,4,4,41,"Male"
41,"TikTok",TRUE,-1,4,4,FALSE,"alone",2023-10-08 08:58:50,4,4,41,"Male"
41,NA,TRUE,-1,8,3,TRUE,"alone",2023-10-02 23:36:17,2.6,30,41,"Male"
41,NA,TRUE,2,2,4,TRUE,"alone",2023-10-08 16:24:28,5,3,41,"Male"
41,"TikTok",TRUE,-2,1,3,FALSE,"alone",2023-10-08 19:08:44,4.4,13,41,"Male"
41,"TikTok",TRUE,0,3,3,FALSE,"alone",2023-10-02 12:45:59,2.6,54,41,"Male"
41,"TikTok",TRUE,0,3,3,FALSE,"alone",2023-10-02 12:45:12,2.6,6,41,"Male"
41,"TikTok",TRUE,-1,7,3,FALSE,"alone",2023-10-04 23:02:53,2.8,4,41,"Male"
41,"TikTok",TRUE,0,2,2,TRUE,"alone",2023-10-01 21:12:13,3.4,27,41,"Male"
41,"TikTok",TRUE,-2,8,2,FALSE,"alone",2023-10-04 23:18:38,2.8,4,41,"Male"
41,NA,TRUE,-2,8,2,TRUE,"alone",2023-10-04 23:40:44,2.4,6,41,"Male"
41,"TikTok",TRUE,0,2,4,FALSE,"alone",2023-10-06 11:42:38,2.4,4,41,"Male"
41,"TikTok",TRUE,-2,1,4,FALSE,"alone",2023-10-08 18:52:47,5,1111,41,"Male"
41,"TikTok",TRUE,-1,2,3,FALSE,"alone",2023-10-08 15:13:31,4,6,41,"Male"
41,"TikTok",TRUE,-2,1,4,FALSE,"alone",2023-10-08 17:23:48,3.6,6,41,"Male"
41,"TikTok",TRUE,-2,8,3,FALSE,"alone",2023-10-01 22:52:02,3.2,5,41,"Male"
41,"TikTok",TRUE,-1,4,3,TRUE,"alone",2023-10-02 10:50:34,3,10,41,"Male"
42,NA,TRUE,-3,5,2,FALSE,"alone",2023-11-01 20:42:51,2.4,3,26,"Male"
42,NA,TRUE,-3,3,1,FALSE,"alone",2023-11-02 13:32:20,4.2,5,26,"Male"
43,"Reddit",TRUE,1,6,4,TRUE,"friends",2023-10-01 19:03:14,2.2,6,30,"Male"
43,NA,TRUE,1,6,4,FALSE,"friends",2023-10-01 19:30:31,2.2,27,30,"Male"
43,"Instagram",TRUE,1,6,4,FALSE,"friends",2023-10-01 18:45:27,2.2,3,30,"Male"
43,"Reddit",TRUE,1,6,4,TRUE,"friends",2023-10-01 19:46:17,2.4,4,30,"Male"
43,"Instagram",TRUE,0,7,4,FALSE,"friends",2023-10-09 23:13:56,2.8,3,30,"Male"
43,"Instagram",TRUE,0,7,4,FALSE,"friends",2023-10-09 22:57:54,2.2,4,30,"Male"
43,"Instagram",TRUE,2,4,5,FALSE,"friends",2023-10-05 23:09:10,2.2,4,30,"Male"
44,"TikTok",TRUE,-2,5,3,TRUE,"alone",2023-10-01 21:46:36,3.8,552,25,"Male"
44,NA,TRUE,-1,6,4,TRUE,"friends",2023-10-06 01:20:58,3,3,25,"Male"
44,NA,FALSE,2,3,4,FALSE,"strangers",2023-09-30 14:24:16,3.6,6,25,"Male"
44,NA,TRUE,-3,5,3,TRUE,"friends",2023-10-03 21:28:10,3.8,8,25,"Male"
44,"TikTok",TRUE,-3,8,3,FALSE,"friends",2023-10-02 02:19:08,3,175,25,"Male"
44,NA,FALSE,2,3,3,TRUE,"friends",2023-10-06 08:53:39,3,73,25,"Male"
44,NA,TRUE,-2,3,4,TRUE,"friends",2023-10-05 19:46:36,3,14,25,"Male"
44,NA,TRUE,-3,2,4,TRUE,"friends",2023-10-04 20:47:28,3,237,25,"Male"
44,"TikTok",TRUE,-2,3,3,TRUE,"friends",2023-10-07 00:42:41,3,647,25,"Male"
44,NA,TRUE,-2,5,4,TRUE,"friends",2023-10-03 20:40:44,3.8,39,25,"Male"
44,NA,FALSE,2,3,3,TRUE,"friends",2023-10-05 15:09:44,3.2,124,25,"Male"
44,NA,TRUE,-3,2,3,TRUE,"friends",2023-10-04 23:17:37,3,4,25,"Male"
44,"TikTok",TRUE,-2,3,4,TRUE,"alone",2023-10-04 15:01:35,3,186,25,"Male"
44,NA,TRUE,-2,3,3,TRUE,"alone",2023-10-04 14:43:10,3,67,25,"Male"
44,"TikTok",TRUE,-3,5,4,TRUE,"alone",2023-09-30 18:30:37,3,93,25,"Male"
44,"TikTok",TRUE,-3,8,3,TRUE,"friends",2023-10-01 03:05:23,3,116,25,"Male"
44,NA,TRUE,-1,7,3,TRUE,"friends",2023-10-05 03:06:32,3.2,1,25,"Male"
44,NA,TRUE,1,4,4,TRUE,"friends",2023-10-05 01:11:15,3,3,25,"Male"
44,NA,TRUE,0,7,4,TRUE,"friends",2023-10-06 00:07:33,3,12,25,"Male"
44,NA,FALSE,2,3,3,TRUE,"friends",2023-10-05 15:27:42,3,3,25,"Male"
44,"TikTok",TRUE,-2,6,3,TRUE,"friends",2023-10-02 18:45:20,3.8,714,25,"Male"
44,NA,TRUE,-3,3,4,TRUE,"friends",2023-10-04 21:48:44,3,2,25,"Male"
44,NA,FALSE,2,2,3,TRUE,"friends",2023-10-01 19:15:55,3.4,3,25,"Male"
44,"TikTok",TRUE,-3,6,3,TRUE,"friends",2023-10-01 01:29:50,3.4,222,25,"Male"
44,"TikTok",TRUE,-1,6,3,TRUE,"friends",2023-10-07 23:49:39,3,225,25,"Male"
44,NA,TRUE,-2,5,3,TRUE,"friends",2023-10-06 23:05:36,3,1,25,"Male"
44,NA,FALSE,0,2,3,TRUE,"friends",2023-10-05 12:20:56,3,3,25,"Male"
44,NA,TRUE,-2,3,3,TRUE,"friends",2023-10-05 19:28:47,3,2,25,"Male"
44,NA,TRUE,-2,4,4,TRUE,"friends",2023-10-03 18:10:06,3.2,18,25,"Male"
45,NA,TRUE,1,7,4,TRUE,"alone",2023-10-13 16:00:01,1.8,1,39,"Male"
45,"Facebook",TRUE,-3,7,4,TRUE,"alone",2023-10-06 01:33:34,2.2,9,39,"Male"
46,"TikTok",TRUE,0,6,4,FALSE,"alone",2023-10-06 14:45:09,3,31,28,"Non-binary"
46,"TikTok",TRUE,1,5,3,FALSE,"alone",2023-10-07 17:54:34,4.2,3,28,"Non-binary"
46,"TikTok",TRUE,-1,5,3,FALSE,"alone",2023-10-11 20:33:40,3,267,28,"Non-binary"
46,"TikTok",TRUE,2,3,3,TRUE,"alone",2023-10-09 07:32:30,4.6,898,28,"Non-binary"
46,"TikTok",TRUE,-1,6,3,FALSE,"alone",2023-10-07 15:47:14,3.6,90,28,"Non-binary"
47,"TikTok",TRUE,-3,4,3,TRUE,"alone",2023-10-31 21:20:23,4.2,342,32,"Non-binary"
47,"TikTok",TRUE,-3,7,3,TRUE,"alone",2023-11-03 03:14:14,4.2,598,32,"Non-binary"
47,"TikTok",TRUE,-2,6,2,TRUE,"alone",2023-10-30 23:22:02,2.4,42,32,"Non-binary"
47,"TikTok",TRUE,-3,4,3,TRUE,"alone",2023-10-30 04:59:10,3,4,32,"Non-binary"
47,"TikTok",TRUE,-2,6,3,TRUE,"alone",2023-11-01 20:50:51,4,392,32,"Non-binary"
47,"TikTok",TRUE,-2,7,3,TRUE,"alone",2023-10-29 22:22:50,3.6,24,32,"Non-binary"
47,"TikTok",TRUE,1,5,3,TRUE,"alone",2023-10-28 22:51:33,4,743,32,"Non-binary"
48,"Reddit",TRUE,-1,5,3,FALSE,"friends",2023-11-05 09:21:31,3,2,26,"Female"
48,"Reddit",TRUE,-3,8,5,FALSE,"friends",2023-10-10 21:55:20,3,6,26,"Female"
48,"Reddit",TRUE,-3,4,5,FALSE,"alone",2023-10-10 16:05:10,3,2,26,"Female"
48,"Reddit",TRUE,-1,4,4,FALSE,"friends",2023-11-04 09:42:07,3.2,26,26,"Female"
48,"Reddit",TRUE,-3,7,4,FALSE,"friends",2023-11-07 20:28:02,3,19,26,"Female"
48,"Reddit",TRUE,-3,5,4,FALSE,"friends",2023-10-07 19:47:46,3.4,1507,26,"Female"
48,NA,TRUE,0,2,5,TRUE,"friends",2023-11-03 09:19:58,3.2,3,26,"Female"
48,"Reddit",TRUE,-2,2,5,TRUE,"alone",2023-10-05 14:20:46,3.2,2328,26,"Female"
48,"Reddit",TRUE,-3,6,4,FALSE,"friends",2023-10-31 19:06:52,3,615,26,"Female"
48,"Reddit",TRUE,-2,2,5,TRUE,"alone",2023-10-04 08:25:20,2.8,4,26,"Female"
48,"Reddit",TRUE,-2,6,3,FALSE,"friends",2023-11-08 20:10:35,3.2,2,26,"Female"
48,"Reddit",TRUE,-3,8,4,FALSE,"alone",2023-11-02 21:26:15,3.2,2,26,"Female"
48,"Reddit",TRUE,-3,5,3,FALSE,"friends",2023-10-31 18:39:25,3.4,3,26,"Female"
48,"Reddit",TRUE,-1,4,4,FALSE,"alone",2023-11-08 07:01:02,3.6,2,26,"Female"
48,"Reddit",TRUE,-2,2,5,FALSE,"alone",2023-10-11 06:30:02,3.2,3,26,"Female"
48,"Reddit",TRUE,-3,5,5,FALSE,"friends",2023-10-04 19:13:18,2.4,3,26,"Female"
48,"Reddit",TRUE,-1,4,4,FALSE,"alone",2023-11-05 07:31:15,3.4,4,26,"Female"
48,"Reddit",TRUE,1,3,5,TRUE,"alone",2023-10-10 08:14:39,3.4,3,26,"Female"
48,"Reddit",TRUE,-3,7,4,FALSE,"friends",2023-10-05 21:57:45,2,2,26,"Female"
48,"Reddit",TRUE,-3,6,5,FALSE,"alone",2023-10-08 19:25:50,3.2,27,26,"Female"
48,"Reddit",TRUE,-3,4,4,FALSE,"friends",2023-10-06 08:30:33,3.2,11,26,"Female"
48,"Reddit",TRUE,-1,6,4,FALSE,"friends",2023-11-04 09:13:34,3.2,7,26,"Female"
48,"Reddit",TRUE,-3,4,5,FALSE,"alone",2023-10-08 08:30:28,3.2,7,26,"Female"
48,"Reddit",TRUE,-3,6,5,FALSE,"friends",2023-10-10 20:54:16,3,5,26,"Female"
48,"Reddit",TRUE,0,4,5,FALSE,"alone",2023-11-06 07:25:59,3.4,2,26,"Female"
48,"Reddit",TRUE,-3,5,4,FALSE,"friends",2023-10-06 19:24:13,3.2,520,26,"Female"
48,"Reddit",TRUE,-3,8,5,FALSE,"friends",2023-11-01 20:43:34,3,10,26,"Female"
48,"Reddit",TRUE,-2,4,4,FALSE,"alone",2023-11-05 07:48:16,3.2,2,26,"Female"
48,"Reddit",TRUE,-2,4,4,FALSE,"friends",2023-10-07 14:38:58,3,223,26,"Female"
48,"Reddit",TRUE,-3,5,4,FALSE,"friends",2023-10-06 18:58:50,3.2,2027,26,"Female"
49,"TikTok",TRUE,-2,6,1,TRUE,"alone",2023-10-07 20:39:55,4,1809,32,"Female"
49,NA,TRUE,-2,6,4,FALSE,"friends",2023-10-05 22:47:45,4.2,94,32,"Female"
49,NA,TRUE,-3,8,1,FALSE,"alone",2023-10-11 04:39:40,4,10,32,"Female"
49,NA,TRUE,0,7,1,FALSE,"alone",2023-10-12 10:24:20,2,3,32,"Female"
49,NA,TRUE,-2,6,1,TRUE,"alone",2023-10-10 17:47:37,4,1170,32,"Female"
49,NA,TRUE,-2,5,2,TRUE,"alone",2023-10-09 09:29:28,4,1,32,"Female"
49,"Facebook",TRUE,-2,7,1,FALSE,"friends",2023-10-11 23:24:57,4,38,32,"Female"
49,"Reddit",TRUE,-2,8,1,FALSE,"alone",2023-10-10 01:37:03,4,361,32,"Female"
49,NA,TRUE,-3,6,1,TRUE,"alone",2023-10-07 08:44:45,4,1,32,"Female"
49,"TikTok",TRUE,-2,6,1,FALSE,"alone",2023-10-07 21:13:43,4,6,32,"Female"
49,NA,TRUE,-2,5,2,TRUE,"friends",2023-10-07 14:22:22,4,19,32,"Female"
49,"Facebook",TRUE,-2,5,2,TRUE,"alone",2023-10-06 16:35:29,4,304,32,"Female"
49,NA,TRUE,-2,6,1,TRUE,"alone",2023-10-06 17:44:01,4,4,32,"Female"
49,"TikTok",TRUE,-2,5,1,TRUE,"alone",2023-10-07 19:04:39,4,25,32,"Female"
49,NA,TRUE,-2,4,1,TRUE,"friends",2023-10-11 16:56:44,4,1,32,"Female"
49,"TikTok",TRUE,-2,2,1,FALSE,"friends",2023-10-07 19:37:38,4,925,32,"Female"
49,"Reddit",TRUE,-2,6,3,FALSE,"alone",2023-10-05 00:40:33,4,414,32,"Female"
49,NA,TRUE,-2,5,1,TRUE,"alone",2023-10-09 10:47:50,4,19,32,"Female"
49,"TikTok",TRUE,-2,5,4,FALSE,"friends",2023-10-05 21:17:40,4.2,850,32,"Female"
49,"Reddit",TRUE,-1,7,1,FALSE,"friends",2023-10-12 01:03:39,4,890,32,"Female"
49,NA,TRUE,-2,6,1,TRUE,"alone",2023-10-11 10:39:00,4,2,32,"Female"
49,NA,TRUE,-3,7,1,FALSE,"alone",2023-10-07 04:37:44,2,6,32,"Female"
49,"Facebook",TRUE,-2,6,2,TRUE,"alone",2023-10-10 10:57:37,4,2435,32,"Female"
49,"Facebook",TRUE,-2,5,3,FALSE,"alone",2023-10-05 08:13:30,4.4,120,32,"Female"
49,"Facebook",TRUE,-2,4,1,TRUE,"alone",2023-10-06 11:12:15,4,6,32,"Female"
49,"TikTok",TRUE,-2,7,1,FALSE,"alone",2023-10-08 22:35:40,4,16,32,"Female"
49,"TikTok",TRUE,-1,6,2,FALSE,"alone",2023-10-07 22:31:34,4,285,32,"Female"
49,NA,TRUE,-2,5,1,FALSE,"alone",2023-10-12 10:24:20,4,3,32,"Female"
49,"TikTok",TRUE,-2,5,1,TRUE,"alone",2023-10-06 15:18:45,3.8,15,32,"Female"
49,"TikTok",TRUE,-2,6,1,TRUE,"alone",2023-10-11 19:05:37,4,454,32,"Female"
49,"Reddit",TRUE,-2,7,1,FALSE,"alone",2023-10-09 00:16:23,4,977,32,"Female"
49,"Facebook",TRUE,-2,4,2,FALSE,"alone",2023-10-06 16:35:29,4,304,32,"Female"
49,"TikTok",TRUE,-2,6,2,TRUE,"alone",2023-10-07 22:10:28,4,323,32,"Female"
50,"Instagram",TRUE,-1,6,2,TRUE,"friends",2023-10-03 12:02:46,4.4,3,27,"Male"
50,NA,TRUE,-2,3,4,FALSE,"alone",2023-10-01 11:03:47,4,9,27,"Male"
50,"Instagram",TRUE,1,5,3,TRUE,"alone",2023-10-04 15:58:01,4.2,14,27,"Male"
51,"TikTok",TRUE,-3,3,4,FALSE,"alone",2023-10-08 09:16:38,4,637,42,"Female"
51,"TikTok",TRUE,-3,6,3,FALSE,"alone",2023-10-05 08:56:23,3.2,8,42,"Female"
51,"TikTok",TRUE,-3,6,3,FALSE,"friends",2023-10-07 21:38:31,3,264,42,"Female"
51,"TikTok",TRUE,-3,4,3,TRUE,"alone",2023-10-05 09:27:59,3.6,152,42,"Female"
51,"TikTok",TRUE,-3,5,5,FALSE,"alone",2023-10-11 20:27:26,4,8,42,"Female"
51,"TikTok",TRUE,-3,4,4,TRUE,"alone",2023-10-08 08:26:43,4,98,42,"Female"
51,"TikTok",TRUE,-3,5,3,FALSE,"alone",2023-10-12 15:05:55,3,1238,42,"Female"
51,"TikTok",TRUE,0,6,4,TRUE,"alone",2023-10-12 08:11:38,4,110,42,"Female"
51,"TikTok",TRUE,-3,5,4,FALSE,"alone",2023-10-10 07:21:44,3.8,15,42,"Female"
51,"TikTok",TRUE,0,3,3,TRUE,"alone",2023-10-10 07:44:34,5,145,42,"Female"
51,"TikTok",TRUE,-3,5,4,FALSE,"alone",2023-10-05 23:00:07,3.8,911,42,"Female"
51,"TikTok",TRUE,-3,3,4,FALSE,"alone",2023-10-05 22:17:11,3.6,1948,42,"Female"
51,"TikTok",TRUE,-3,8,4,FALSE,"alone",2023-10-05 23:16:09,2.6,17,42,"Female"
51,"TikTok",TRUE,0,1,4,TRUE,"friends",2023-10-11 09:56:22,3.4,21,42,"Female"
51,"TikTok",FALSE,0,3,4,TRUE,"alone",2023-10-11 15:00:14,4.4,72,42,"Female"
51,"TikTok",TRUE,-3,2,4,FALSE,"alone",2023-10-07 07:57:56,4.2,217,42,"Female"
51,"TikTok",TRUE,0,6,4,TRUE,"alone",2023-10-12 07:43:54,4,4,42,"Female"
51,"TikTok",TRUE,-3,7,3,FALSE,"alone",2023-10-11 22:38:41,3,1168,42,"Female"
52,"Reddit",TRUE,-3,3,3,FALSE,"alone",2023-10-06 05:58:22,5,2,19,"Male"
52,NA,TRUE,-1,6,3,FALSE,"alone",2023-10-05 18:37:08,4.2,5,19,"Male"
52,"Reddit",TRUE,2,6,3,FALSE,"alone",2023-10-03 00:10:26,4.4,178,19,"Male"
52,"Reddit",TRUE,-3,5,3,FALSE,"alone",2023-10-06 05:22:39,3,5,19,"Male"
52,NA,TRUE,0,3,3,FALSE,"alone",2023-10-06 05:06:52,3.8,329,19,"Male"
53,"Reddit",FALSE,-2,4,3,TRUE,"alone",2023-10-05 19:35:46,3.6,1221,54,"Male"
53,"Reddit",FALSE,0,2,3,TRUE,"alone",2023-10-05 13:54:23,3.6,6,54,"Male"
53,"Reddit",FALSE,-2,4,3,TRUE,"alone",2023-10-03 14:49:23,3.8,139,54,"Male"
53,"Reddit",FALSE,-2,3,3,TRUE,"alone",2023-09-29 21:25:43,3.8,20,54,"Male"
53,"Reddit",FALSE,-2,3,3,TRUE,"alone",2023-10-01 17:04:24,3.6,274,54,"Male"
54,"Reddit",FALSE,2,5,3,TRUE,"friends",2023-10-26 13:38:01,2.2,7,37,"Female"
54,NA,TRUE,-2,3,4,TRUE,"friends",2023-10-22 17:46:31,3.2,9,37,"Female"
54,"Reddit",TRUE,-3,6,3,FALSE,"friends",2023-10-25 22:14:54,3.2,58,37,"Female"
54,NA,TRUE,-3,5,4,TRUE,"friends",2023-10-22 22:50:22,2.2,4,37,"Female"
54,"Reddit",TRUE,-2,3,4,FALSE,"alone",2023-10-26 18:53:49,3.4,116,37,"Female"
55,"Reddit",TRUE,-2,7,3,FALSE,"alone",2023-10-09 01:23:46,4,6,36,"Male"
55,"TikTok",TRUE,-2,7,3,TRUE,"alone",2023-10-05 00:29:14,2,4,36,"Male"
55,"TikTok",TRUE,-2,5,4,FALSE,"alone",2023-10-05 09:38:40,3.6,8,36,"Male"
56,"Reddit",TRUE,-3,5,2,TRUE,"alone",2023-10-07 14:06:55,1.8,3,47,"Female"
56,"Reddit",TRUE,-3,6,4,FALSE,"alone",2023-10-02 06:50:29,2.2,44,47,"Female"
56,"Reddit",TRUE,-3,5,3,FALSE,"alone",2023-10-05 23:18:15,1.6,3,47,"Female"
56,"Reddit",TRUE,-2,5,2,TRUE,"alone",2023-10-09 11:02:29,1,13,47,"Female"
56,"Reddit",TRUE,-3,4,3,FALSE,"alone",2023-10-05 22:04:45,2,3,47,"Female"
56,"Reddit",TRUE,-3,5,2,TRUE,"alone",2023-10-07 13:02:41,1.8,3,47,"Female"
56,"Twitter",TRUE,-2,4,2,FALSE,"alone",2023-10-07 12:28:22,1.8,4,47,"Female"
56,"Reddit",TRUE,-2,6,3,FALSE,"alone",2023-10-06 00:05:30,1.8,3,47,"Female"
56,"Reddit",TRUE,-2,5,3,FALSE,"alone",2023-10-05 22:25:06,1.8,3,47,"Female"
56,"Reddit",TRUE,-3,5,3,FALSE,"alone",2023-10-02 14:23:24,2,5,47,"Female"
56,"Reddit",TRUE,-2,4,3,FALSE,"alone",2023-10-05 21:25:09,1.8,4,47,"Female"
56,"Reddit",TRUE,-2,6,3,FALSE,"alone",2023-10-06 00:21:01,2,3,47,"Female"
56,"Reddit",TRUE,-2,4,3,TRUE,"alone",2023-10-07 17:01:01,1.2,2,47,"Female"
56,"Reddit",TRUE,-2,5,3,FALSE,"alone",2023-10-05 22:40:32,1.8,3,47,"Female"
56,"Reddit",TRUE,-2,6,3,FALSE,"alone",2023-10-02 18:31:23,2,4,47,"Female"
56,"Reddit",TRUE,-3,7,3,FALSE,"alone",2023-10-02 19:11:15,1.8,5,47,"Female"
56,"Reddit",FALSE,-2,6,3,FALSE,"strangers",2023-10-04 17:05:47,1.8,4,47,"Female"
56,"Reddit",TRUE,-3,4,3,TRUE,"alone",2023-10-07 14:47:35,1.6,3,47,"Female"
56,"Twitter",TRUE,-1,4,2,FALSE,"alone",2023-10-08 10:34:42,1,3,47,"Female"
56,"Twitter",TRUE,-2,6,2,FALSE,"alone",2023-10-08 09:44:31,1,5,47,"Female"
56,"Reddit",FALSE,-1,4,3,FALSE,"friends",2023-10-04 15:11:35,1.8,5,47,"Female"
56,"Reddit",FALSE,-2,4,2,TRUE,"alone",2023-10-02 13:16:37,2.4,7,47,"Female"
56,"Reddit",TRUE,-2,4,3,FALSE,"alone",2023-10-05 20:56:13,1.8,3,47,"Female"
56,"Reddit",TRUE,-2,4,3,TRUE,"alone",2023-10-08 20:25:40,1,3,47,"Female"
56,"Reddit",FALSE,-3,5,3,FALSE,"alone",2023-10-02 14:54:26,2,5,47,"Female"
56,"Twitter",TRUE,-2,6,3,FALSE,"alone",2023-10-09 09:42:28,1.4,3,47,"Female"
56,"Reddit",TRUE,-2,6,2,FALSE,"alone",2023-10-06 00:36:23,2,4,47,"Female"
56,"Reddit",TRUE,-3,5,3,FALSE,"alone",2023-10-05 23:33:40,1.6,3,47,"Female"
56,"Reddit",TRUE,-2,4,3,TRUE,"alone",2023-10-07 16:30:11,1.8,3,47,"Female"
56,"Reddit",TRUE,-2,4,3,FALSE,"alone",2023-10-05 20:33:04,1.6,4,47,"Female"
56,"Twitter",TRUE,-2,5,2,TRUE,"alone",2023-10-07 12:44:03,1.8,3,47,"Female"
56,"Reddit",TRUE,-3,4,3,TRUE,"alone",2023-10-07 16:14:28,1.8,3,47,"Female"
56,"Twitter",TRUE,-3,5,3,TRUE,"alone",2023-10-08 00:29:03,1,3,47,"Female"
56,"Reddit",TRUE,-3,4,3,TRUE,"alone",2023-10-07 15:59:00,1.6,3,47,"Female"
56,"Reddit",TRUE,-3,4,3,TRUE,"alone",2023-10-07 16:45:36,1.4,6,47,"Female"
56,NA,TRUE,-3,5,3,FALSE,"alone",2023-10-02 14:07:40,2.2,4,47,"Female"
56,"Reddit",TRUE,-2,4,3,FALSE,"alone",2023-10-05 20:05:16,1.8,16,47,"Female"
56,"Reddit",TRUE,-2,4,3,TRUE,"alone",2023-10-07 17:45:06,1.8,2,47,"Female"
56,"Reddit",TRUE,-3,4,2,TRUE,"alone",2023-10-07 14:22:27,1.8,3,47,"Female"
56,"Reddit",TRUE,-3,5,3,FALSE,"alone",2023-10-02 14:38:55,2,3,47,"Female"
56,"Reddit",TRUE,-2,6,4,FALSE,"alone",2023-10-03 00:57:20,1.8,4,47,"Female"
56,"Twitter",TRUE,-2,4,3,TRUE,"alone",2023-10-03 16:49:38,1.8,5,47,"Female"
56,NA,TRUE,-3,6,3,FALSE,"alone",2023-10-02 18:47:11,1.6,10,47,"Female"
57,NA,FALSE,2,4,2,TRUE,"friends",2023-10-11 11:34:54,4,5,23,"Non-binary"
57,"TikTok",TRUE,-3,7,2,FALSE,"alone",2023-10-06 01:40:08,2,8,23,"Non-binary"
57,"TikTok",TRUE,-1,4,3,FALSE,"alone",2023-10-09 21:03:34,2.6,15,23,"Non-binary"
57,"TikTok",TRUE,-1,6,3,FALSE,"alone",2023-10-11 09:45:32,4,1725,23,"Non-binary"
57,"TikTok",FALSE,2,3,3,TRUE,"friends",2023-10-09 18:30:35,4.4,440,23,"Non-binary"
57,NA,TRUE,-3,7,3,FALSE,"friends",2023-10-07 18:38:59,3,4,23,"Non-binary"
57,"TikTok",TRUE,-2,6,3,TRUE,"alone",2023-10-09 10:52:10,2,118,23,"Non-binary"
57,NA,FALSE,3,4,2,TRUE,"friends",2023-10-06 14:53:32,2.6,11,23,"Non-binary"
57,"TikTok",TRUE,-1,4,3,TRUE,"alone",2023-10-06 13:09:35,4.2,338,23,"Non-binary"
57,"TikTok",TRUE,-3,7,3,TRUE,"alone",2023-10-11 00:43:45,3,30,23,"Non-binary"
58,"Facebook",TRUE,-3,6,4,FALSE,"friends",2023-10-22 20:35:31,4,6,31,"Male"
58,"Facebook",TRUE,-3,8,5,FALSE,"friends",2023-10-26 00:53:20,1,19,31,"Male"
58,"Facebook",TRUE,-3,8,4,FALSE,"friends",2023-10-27 01:19:30,1,5,31,"Male"
58,"Facebook",TRUE,-3,8,4,FALSE,"friends",2023-10-26 01:15:12,1,377,31,"Male"
58,"Facebook",TRUE,0,6,4,FALSE,"friends",2023-10-26 15:34:15,1,17,31,"Male"
58,"Facebook",TRUE,-3,8,4,FALSE,"friends",2023-10-27 01:03:48,1,6,31,"Male"
58,NA,TRUE,-3,6,4,FALSE,"friends",2023-10-22 20:53:45,4,92,31,"Male"
58,"Facebook",TRUE,-3,9,5,FALSE,"friends",2023-10-24 01:02:11,1,7,31,"Male"
58,"Facebook",TRUE,-2,7,4,FALSE,"friends",2023-10-21 03:16:10,2,10,31,"Male"
58,"Facebook",TRUE,-1,8,4,FALSE,"friends",2023-10-21 10:22:30,1,14,31,"Male"
58,"Facebook",TRUE,-2,7,4,FALSE,"friends",2023-10-24 10:20:08,2,11,31,"Male"
58,"Facebook",TRUE,-1,5,4,FALSE,"friends",2023-10-24 20:30:36,2,6,31,"Male"
58,"Facebook",TRUE,-3,7,4,FALSE,"friends",2023-10-22 13:37:15,2,9,31,"Male"
58,"Facebook",TRUE,-3,9,4,FALSE,"friends",2023-10-21 10:43:27,2,26,31,"Male"
59,"TikTok",TRUE,-3,7,3,TRUE,"alone",2023-10-05 22:10:28,4,490,56,"Female"
59,"TikTok",TRUE,-1,6,3,FALSE,"alone",2023-10-07 23:56:52,4,447,56,"Female"
59,"TikTok",TRUE,1,3,3,FALSE,"alone",2023-10-06 15:51:01,2.8,1301,56,"Female"
59,"TikTok",TRUE,-3,8,3,TRUE,"alone",2023-10-05 22:29:55,4,26,56,"Female"
59,"TikTok",TRUE,-1,5,3,TRUE,"friends",2023-10-06 21:06:21,4.2,402,56,"Female"
59,"TikTok",TRUE,1,6,3,TRUE,"alone",2023-10-08 23:22:54,4,1268,56,"Female"
59,"TikTok",TRUE,1,2,3,TRUE,"alone",2023-10-07 15:21:50,4,443,56,"Female"
59,"TikTok",TRUE,-3,7,3,TRUE,"alone",2023-10-05 21:36:39,4,105,56,"Female"
59,"TikTok",TRUE,-3,3,3,FALSE,"alone",2023-10-04 20:21:20,4.6,31,56,"Female"
59,"TikTok",TRUE,0,4,3,TRUE,"alone",2023-10-07 18:55:35,4,442,56,"Female"
59,"TikTok",TRUE,-1,3,3,TRUE,"alone",2023-10-08 13:45:51,3.2,1268,56,"Female"
59,"TikTok",TRUE,-1,6,3,TRUE,"alone",2023-10-05 20:17:09,4,54,56,"Female"
59,"TikTok",TRUE,-2,6,3,TRUE,"alone",2023-10-07 22:19:03,2.4,3322,56,"Female"
59,"TikTok",TRUE,-3,8,2,FALSE,"alone",2023-10-09 01:02:50,2,1320,56,"Female"
59,NA,TRUE,1,2,3,TRUE,"alone",2023-10-08 18:22:24,2.8,1365,56,"Female"
59,"TikTok",TRUE,-1,6,3,TRUE,"alone",2023-10-05 20:00:25,5,81,56,"Female"
59,"TikTok",TRUE,-3,8,3,FALSE,"alone",2023-10-06 23:37:33,2.8,798,56,"Female"
59,NA,TRUE,-2,7,3,TRUE,"alone",2023-10-05 20:37:04,3.2,69,56,"Female"
59,"TikTok",TRUE,-2,5,3,TRUE,"alone",2023-10-06 20:43:25,4,1621,56,"Female"
60,"Instagram",TRUE,-3,4,1,FALSE,"alone",2023-10-05 05:01:06,3.6,3,34,"Female"
60,"Instagram",TRUE,-3,3,2,FALSE,"alone",2023-10-02 23:41:45,4,14,34,"Female"
60,"Facebook",TRUE,-3,5,3,FALSE,"alone",2023-10-02 01:09:03,3,5,34,"Female"
60,"Instagram",TRUE,-3,5,2,FALSE,"alone",2023-10-06 17:25:08,3,451,34,"Female"
60,"Facebook",TRUE,-3,7,1,FALSE,"alone",2023-10-06 05:48:45,3,1403,34,"Female"
60,"Instagram",TRUE,-3,4,1,FALSE,"alone",2023-10-05 21:57:34,3,59,34,"Female"
60,"Instagram",TRUE,-3,5,2,FALSE,"alone",2023-10-03 01:08:56,3.6,30,34,"Female"
60,"Instagram",TRUE,-3,5,1,FALSE,"alone",2023-10-03 18:01:55,3.6,10,34,"Female"
60,"Instagram",TRUE,-3,6,3,FALSE,"alone",2023-10-01 04:57:41,4,6,34,"Female"
60,"Instagram",TRUE,-3,4,4,FALSE,"alone",2023-09-30 20:55:50,3.4,6,34,"Female"
60,"Instagram",TRUE,-3,1,1,FALSE,"alone",2023-10-04 17:23:52,2.4,17,34,"Female"
60,"Facebook",TRUE,-3,4,1,FALSE,"friends",2023-10-05 17:37:11,3,105,34,"Female"
60,"Instagram",TRUE,-3,5,3,FALSE,"alone",2023-10-01 22:39:56,5,56,34,"Female"
60,"Instagram",TRUE,-3,7,1,FALSE,"alone",2023-10-04 04:07:59,3,26,34,"Female"
60,"Instagram",TRUE,-3,4,1,FALSE,"alone",2023-10-04 00:35:44,4,8,34,"Female"
60,"Instagram",TRUE,-3,5,1,FALSE,"alone",2023-10-05 19:14:29,4,5,34,"Female"
60,"Instagram",TRUE,-3,4,1,FALSE,"alone",2023-10-05 20:45:22,3,80,34,"Female"
60,"Instagram",TRUE,-3,5,2,FALSE,"alone",2023-10-06 23:11:53,4,773,34,"Female"
60,"Facebook",TRUE,-3,5,1,FALSE,"alone",2023-10-05 22:27:33,3,40,34,"Female"
60,"Instagram",TRUE,-3,1,1,FALSE,"alone",2023-10-05 01:01:36,3.2,13,34,"Female"
60,"Instagram",TRUE,-3,1,1,FALSE,"friends",2023-10-05 18:19:10,3,9,34,"Female"
60,"Facebook",TRUE,-3,5,2,FALSE,"alone",2023-10-06 19:00:10,2.6,5,34,"Female"
60,"Instagram",TRUE,-3,1,1,FALSE,"alone",2023-10-04 18:37:59,3,255,34,"Female"
60,"Instagram",TRUE,-3,5,2,FALSE,"alone",2023-10-06 18:39:44,3,649,34,"Female"
60,"Instagram",TRUE,-3,7,1,FALSE,"alone",2023-10-06 06:11:02,3,313,34,"Female"
60,"Facebook",TRUE,-3,2,1,FALSE,"alone",2023-10-04 16:36:50,3,6,34,"Female"
60,"Instagram",TRUE,-3,1,1,FALSE,"alone",2023-10-04 23:39:29,3.2,10,34,"Female"
60,"Instagram",TRUE,-3,4,1,FALSE,"alone",2023-10-03 19:12:37,3,37,34,"Female"
60,"Instagram",TRUE,-3,7,3,FALSE,"alone",2023-10-01 05:25:04,4,6,34,"Female"
60,"Facebook",TRUE,-3,4,1,FALSE,"alone",2023-10-03 19:41:08,3,18,34,"Female"
60,"Facebook",TRUE,-3,4,2,FALSE,"alone",2023-10-06 22:06:46,5,1272,34,"Female"
61,"YouTube",TRUE,-2,6,3,FALSE,"alone",2023-10-07 21:35:38,2.8,16,32,"Male"
61,"YouTube",TRUE,-3,7,3,FALSE,"alone",2023-10-09 03:23:03,2.8,3,32,"Male"
61,"YouTube",TRUE,-2,6,3,FALSE,"alone",2023-10-06 19:39:11,2.6,4,32,"Male"
61,"YouTube",TRUE,-1,7,3,FALSE,"alone",2023-10-05 16:45:49,3.8,3,32,"Male"
61,"YouTube",TRUE,-2,7,3,FALSE,"alone",2023-10-05 19:54:27,2.4,12,32,"Male"
61,"YouTube",TRUE,-1,5,3,TRUE,"alone",2023-10-09 17:01:26,3,54,32,"Male"
61,"YouTube",TRUE,-2,6,3,FALSE,"alone",2023-10-08 18:18:58,2.2,4,32,"Male"
61,"YouTube",TRUE,-2,5,3,FALSE,"alone",2023-10-04 20:44:48,2.2,4,32,"Male"
61,"YouTube",TRUE,-3,9,3,FALSE,"alone",2023-10-03 03:21:37,2.2,8,32,"Male"
61,"YouTube",TRUE,-3,8,3,FALSE,"alone",2023-10-03 00:07:47,3.6,27,32,"Male"
61,"YouTube",TRUE,-2,5,3,FALSE,"alone",2023-10-04 18:46:29,3.8,6,32,"Male"
61,"YouTube",TRUE,-1,5,3,TRUE,"alone",2023-10-09 17:01:26,3.2,54,32,"Male"
61,"YouTube",TRUE,-2,7,3,FALSE,"alone",2023-10-07 22:11:54,2.2,21,32,"Male"
61,"YouTube",TRUE,0,6,3,FALSE,"alone",2023-10-02 18:39:27,2,37,32,"Male"
61,"YouTube",TRUE,-3,7,3,FALSE,"alone",2023-10-09 04:35:42,2.2,3,32,"Male"
61,"YouTube",TRUE,-1,5,3,FALSE,"alone",2023-10-02 19:40:51,3.4,4,32,"Male"
62,NA,FALSE,2,8,1,TRUE,"friends",2023-11-02 14:39:25,3,265,23,"Non-binary"
62,"TikTok",TRUE,-3,8,2,FALSE,"alone",2023-10-31 23:11:01,4,13,23,"Non-binary"
62,NA,TRUE,-1,7,4,TRUE,"alone",2023-10-28 20:56:31,2,1,23,"Non-binary"
62,NA,FALSE,-2,7,2,TRUE,"friends",2023-11-01 15:36:42,4,2,23,"Non-binary"
62,"TikTok",TRUE,-3,9,2,FALSE,"alone",2023-10-29 20:55:24,3.6,22,23,"Non-binary"
62,"TikTok",TRUE,-3,8,1,FALSE,"alone",2023-10-31 19:15:40,5,6,23,"Non-binary"
62,"TikTok",FALSE,-1,7,2,TRUE,"friends",2023-11-02 17:56:08,4,5,23,"Non-binary"
62,"TikTok",FALSE,1,7,4,TRUE,"friends",2023-11-03 17:50:01,4,3,23,"Non-binary"
62,NA,FALSE,-1,8,3,TRUE,"friends",2023-11-02 18:34:28,3,0,23,"Non-binary"
62,"TikTok",TRUE,-3,8,4,FALSE,"alone",2023-10-29 20:08:42,4,5,23,"Non-binary"
62,"TikTok",FALSE,2,8,2,TRUE,"friends",2023-11-03 12:16:09,4,5,23,"Non-binary"
62,"TikTok",TRUE,-3,7,1,FALSE,"alone",2023-10-31 18:59:57,4,10,23,"Non-binary"
62,"TikTok",FALSE,3,8,1,TRUE,"friends",2023-10-30 17:52:37,4.2,5,23,"Non-binary"
62,"TikTok",TRUE,-3,8,2,FALSE,"friends",2023-10-28 11:27:54,2,6,23,"Non-binary"
62,"TikTok",TRUE,-3,7,4,FALSE,"alone",2023-10-29 18:58:40,3.4,6,23,"Non-binary"
62,NA,FALSE,2,7,2,TRUE,"friends",2023-11-01 10:44:38,3.6,3,23,"Non-binary"
62,"TikTok",FALSE,3,7,2,TRUE,"friends",2023-11-01 11:36:33,4,3,23,"Non-binary"
62,"TikTok",TRUE,1,7,2,FALSE,"alone",2023-11-01 15:04:12,4,9,23,"Non-binary"
62,NA,TRUE,-3,7,2,TRUE,"friends",2023-10-31 20:19:45,3.6,0,23,"Non-binary"
62,"TikTok",TRUE,-3,8,2,FALSE,"alone",2023-10-30 22:35:54,4,46,23,"Non-binary"
63,"Facebook",TRUE,-3,7,3,FALSE,"alone",2023-11-04 19:16:12,2,4,43,"Female"
63,"TikTok",TRUE,-1,4,3,FALSE,"alone",2023-11-07 12:30:04,4,727,43,"Female"
63,"TikTok",TRUE,-3,7,4,FALSE,"alone",2023-11-03 20:44:21,2,85,43,"Female"
63,"TikTok",TRUE,-3,5,4,FALSE,"alone",2023-11-08 20:22:51,4,2,43,"Female"
63,"TikTok",TRUE,-3,6,4,FALSE,"alone",2023-11-03 18:33:19,4,254,43,"Female"
63,"TikTok",TRUE,-1,6,3,FALSE,"alone",2023-11-03 08:52:24,2,85,43,"Female"
63,"TikTok",TRUE,-1,4,3,TRUE,"alone",2023-11-07 13:44:12,2,2,43,"Female"
63,"TikTok",TRUE,-3,4,4,FALSE,"alone",2023-11-02 19:17:16,4,404,43,"Female"
63,"Facebook",TRUE,-3,7,4,TRUE,"friends",2023-11-06 18:55:30,2,30,43,"Female"
63,"TikTok",TRUE,-1,4,3,FALSE,"alone",2023-11-07 13:28:01,4,2208,43,"Female"
63,"TikTok",TRUE,-3,5,4,FALSE,"alone",2023-11-08 19:51:28,4,3,43,"Female"
63,"TikTok",TRUE,-3,7,3,FALSE,"alone",2023-11-05 01:35:17,4,399,43,"Female"
63,"TikTok",TRUE,-3,5,4,FALSE,"alone",2023-11-08 20:07:22,4,5,43,"Female"
63,"TikTok",TRUE,-3,4,4,FALSE,"alone",2023-11-02 17:28:04,2,786,43,"Female"
63,"TikTok",TRUE,-3,8,3,FALSE,"alone",2023-11-05 01:50:57,2,3,43,"Female"
63,"Facebook",TRUE,-1,3,3,FALSE,"alone",2023-11-07 10:38:21,2,36,43,"Female"
63,"Facebook",TRUE,-3,3,4,FALSE,"alone",2023-11-03 14:26:20,2,4,43,"Female"
63,"TikTok",TRUE,-3,4,4,TRUE,"alone",2023-11-02 16:33:56,3.8,1375,43,"Female"
63,"Facebook",TRUE,-3,8,3,FALSE,"alone",2023-11-04 22:16:12,4,1510,43,"Female"
63,NA,TRUE,-3,4,4,FALSE,"alone",2023-11-02 18:35:05,2,3,43,"Female"
64,"Instagram",TRUE,-3,3,2,FALSE,"alone",2023-11-02 17:39:28,4.2,2671,22,"Male"
64,"Instagram",TRUE,-2,4,2,FALSE,"alone",2023-11-02 19:36:04,3.4,1453,22,"Male"
64,NA,TRUE,2,2,4,TRUE,"alone",2023-10-30 10:03:07,3,3,22,"Male"
64,"Instagram",TRUE,-2,2,2,FALSE,"alone",2023-11-02 21:58:31,2.4,2538,22,"Male"
64,"Instagram",TRUE,-3,3,3,FALSE,"alone",2023-10-27 21:23:42,2.2,5,22,"Male"
64,"Instagram",TRUE,-2,6,4,FALSE,"alone",2023-11-02 08:58:29,2.8,4,22,"Male"
64,"Instagram",TRUE,-2,3,4,FALSE,"alone",2023-10-28 21:02:02,3.2,4,22,"Male"
64,NA,TRUE,-1,4,4,TRUE,"friends",2023-10-29 10:46:20,2.8,4,22,"Male"
65,"Reddit",TRUE,-3,8,4,TRUE,"friends",2023-09-30 21:10:53,2.2,10,37,"Non-binary"
65,"Instagram",TRUE,-2,7,3,FALSE,"alone",2023-10-01 22:56:56,3,55,37,"Non-binary"
65,"Instagram",TRUE,-1,5,4,FALSE,"alone",2023-10-02 07:31:00,2.8,837,37,"Non-binary"
66,"Instagram",TRUE,-3,6,2,FALSE,"alone",2023-10-06 16:45:58,3.6,236,32,"Female"
66,"Instagram",TRUE,-3,6,3,FALSE,"alone",2023-10-06 05:35:32,3.2,39,32,"Female"
66,"Instagram",TRUE,0,7,3,FALSE,"alone",2023-10-03 05:40:56,2.6,28,32,"Female"
67,NA,TRUE,0,6,3,FALSE,"alone",2023-10-29 14:48:54,4.6,1396,29,"Male"
67,NA,TRUE,1,6,3,FALSE,"alone",2023-10-30 16:31:14,5,5,29,"Male"
67,NA,FALSE,2,5,3,TRUE,"alone",2023-10-31 15:11:01,3.6,5,29,"Male"
67,NA,FALSE,2,6,2,TRUE,"alone",2023-10-30 15:03:38,5,5,29,"Male"
67,NA,FALSE,1,5,1,TRUE,"alone",2023-11-01 07:25:28,5,4,29,"Male"
67,NA,TRUE,-3,8,3,TRUE,"alone",2023-10-29 18:05:43,5,269,29,"Male"
67,NA,FALSE,2,6,2,TRUE,"alone",2023-10-30 11:30:43,5,2751,29,"Male"
67,NA,TRUE,-3,8,3,FALSE,"alone",2023-10-29 20:17:03,5,0,29,"Male"
67,NA,FALSE,2,6,2,TRUE,"alone",2023-10-31 15:29:52,5,0,29,"Male"
67,NA,FALSE,2,5,3,TRUE,"alone",2023-10-31 12:04:30,4.4,4,29,"Male"
67,NA,TRUE,-2,6,1,TRUE,"alone",2023-11-01 18:32:39,5,0,29,"Male"
67,"Reddit",FALSE,2,7,2,TRUE,"alone",2023-10-30 08:09:07,5,300,29,"Male"
67,NA,FALSE,1,6,1,TRUE,"alone",2023-11-01 08:41:10,5,69,29,"Male"
67,NA,TRUE,2,7,2,FALSE,"alone",2023-10-29 12:49:17,4.2,8,29,"Male"
67,NA,FALSE,2,6,1,TRUE,"friends",2023-11-01 12:32:35,5,3,29,"Male"
67,NA,FALSE,2,6,1,TRUE,"alone",2023-11-01 11:52:12,5,0,29,"Male"
68,NA,TRUE,-3,6,3,FALSE,"alone",2023-10-03 00:39:36,4,84,59,"Female"
69,"TikTok",TRUE,0,7,3,FALSE,"alone",2023-10-21 00:55:42,3.6,6,22,"Female"
69,"TikTok",TRUE,0,6,3,FALSE,"alone",2023-10-23 03:29:32,5,11,22,"Female"
69,"TikTok",TRUE,0,6,2,FALSE,"alone",2023-10-21 20:07:16,4.6,84,22,"Female"
69,"TikTok",TRUE,0,5,3,FALSE,"alone",2023-10-21 20:25:07,4.2,19,22,"Female"
69,"TikTok",TRUE,-2,7,3,FALSE,"alone",2023-10-21 01:19:54,4.4,23,22,"Female"
69,"TikTok",TRUE,0,4,3,FALSE,"alone",2023-10-23 06:17:09,5,1123,22,"Female"
69,"TikTok",TRUE,0,5,3,FALSE,"alone",2023-10-23 05:20:12,5,259,22,"Female"
69,"TikTok",TRUE,0,5,3,FALSE,"alone",2023-10-21 12:44:49,4.6,11,22,"Female"
70,"Reddit",TRUE,-2,6,4,FALSE,"alone",2023-11-01 23:15:15,2,10,26,"Male"
71,NA,TRUE,3,7,2,FALSE,"friends",2023-10-31 03:59:25,5,43,19,"Female"
71,"TikTok",TRUE,-2,5,2,TRUE,"friends",2023-10-31 18:27:38,4,128,19,"Female"
71,NA,FALSE,2,4,3,TRUE,"friends",2023-11-01 17:22:26,2.2,48,19,"Female"
71,NA,TRUE,-1,8,3,FALSE,"friends",2023-10-30 23:22:14,2.2,45,19,"Female"
71,"TikTok",TRUE,-3,5,2,FALSE,"friends",2023-11-01 18:24:46,5,5,19,"Female"
71,NA,FALSE,2,4,3,TRUE,"friends",2023-11-01 16:35:56,2,13,19,"Female"
71,"TikTok",TRUE,-3,7,1,TRUE,"friends",2023-10-31 21:56:45,5,40,19,"Female"
71,"TikTok",TRUE,0,3,3,FALSE,"alone",2023-10-31 16:53:23,2,29,19,"Female"
71,"TikTok",TRUE,-3,5,2,FALSE,"friends",2023-11-01 18:40:40,5,7,19,"Female"
71,"TikTok",TRUE,-3,6,2,FALSE,"friends",2023-10-30 22:37:04,4.6,9,19,"Female"
71,"TikTok",TRUE,-3,7,1,TRUE,"friends",2023-10-31 21:32:54,5,16,19,"Female"
